nu,code,name,capital,region,subregion,Unnamed: 6,quara/into/where/e,quara/into/where/v,quara/into/where/uv,quara/into/min/e,quara/into/min/v,quara/into/min/uv,quara/into/max/e,quara/into/max/v,quara/into/max/uv,quara/into/comment,test/into/pcr/e,test/into/pcr/v,test/into/pcr/uv,test/into/ag/e,test/into/ag/v,test/into/ag/uv,test/into/comment,visa/into/bool,visa/into/comment,loadStates/into,Unnamed: 27,Unnamed: 28,Unnamed: 29,Unnamed: 30,Unnamed: 31,Unnamed: 32,Unnamed: 33,Unnamed: 34,Unnamed: 35,Unnamed: 36,Unnamed: 37,Unnamed: 38,Unnamed: 39,Unnamed: 40,Unnamed: 41,quara/out/where/e,quara/out/where/v,quara/out/where/uv,quara/out/min/e,quara/out/min/v,quara/out/min/uv,quara/out/max/e,quara/out/max/v,quara/out/max/uv,quara/out/comment,test/out/pcr/e,test/out/pcr/v,test/out/pcr/uv,test/out/ag/e,test/out/ag/v,test/out/ag/uv,test/out/comment,visa/out/bool,visa/out/comment,loadStates/out
AF,AFG,Afghanistan,Kabul,Asia,Southern Asia,,,,,,,,,,,,,,,,,,,1.0,,,,,,,,,,,,,,,,,,home,,,7,,,15,,,,72,,,24,,,something test,4,,
AX,ALA,Åland Islands,Mariehamn,Europe,Northern Europe,,,,,,,,,,,,,,,,,,,2.0,,,,,,,,,,,,,,,,,,home,,,7,,,15,,,,72,,,24,,,something test,4,,
AL,ALB,Albania,Tirana,Europe,Southern Europe,,,,,,,,,,,,,,,,,,,3.0,,,,,,,,,,,,,,,,,,home,,,7,,,15,,,,72,,,24,,,something test,4,,
DZ,DZA,Algeria,Algiers,Africa,Northern Africa,,,,,,,,,,,,,,,,,,,4.0,,,,,,,,,,,,,,,,,,home,,,7,,,15,,,,72,,,24,,,something test,4,,
AS,ASM,American Samoa,Pago Pago,Oceania,Polynesia,,,,,,,,,,,,,,,,,,,4.0,,,,,,,,,,,,,,,,,,home,,,7,,,15,,,,72,,,24,,,something test,4,,
AD,AND,Andorra,Andorra la Vella,Europe,Southern Europe,,home,,,7.0,,,15.0,,,something quara,72.0,,,,,,,1.0,,,,,,,,,,,,,,,,,,home,,,7,,,15,,,,72,,,24,,,something test,4,,
AO,AGO,Angola,Luanda,Africa,Middle Africa,,home,,,7.0,,,15.0,,,something quara,72.0,,,,,,,3.0,,,,,,,,,,,,,,,,,,home,,,7,,,15,,,,72,,,24,,,something test,4,,
AI,AIA,Anguilla,The Valley,Americas,Caribbean,,home,,,7.0,,,15.0,,,something quara,72.0,,,,,,,2.0,,,,,,,,,,,,,,,,,,home,,,7,,,15,,,,72,,,24,,,something test,4,,
AQ,ATA,Antarctica,,Polar,,,home,,,7.0,,,15.0,,,something quara,72.0,,,,,,,2.0,,,,,,,,,,,,,,,,,,home,,,7,,,15,,,,72,,,24,,,something test,4,,
AG,ATG,Antigua and Barbuda,Saint John's,Americas,Caribbean,,home,,,7.0,,,15.0,,,something quara,72.0,,,,,,,2.0,,,,,,,,,,,,,,,,,,home,,,7,,,15,,,,72,,,24,,,something test,4,,
AR,ARG,Argentina,Buenos Aires,Americas,South America,,home,,,7.0,,,15.0,,,something quara,72.0,,,,,,,1.0,,,,,,,,,,,,,,,,,,home,,,7,,,15,,,,72,,,24,,,something test,4,,
AM,ARM,Armenia,Yerevan,Asia,Western Asia,,home,,,7.0,,,15.0,,,something quara,72.0,,,,,,,1.0,,,,,,,,,,,,,,,,,,home,,,7,,,15,,,,72,,,24,,,something test,4,,
AW,ABW,Aruba,Oranjestad,Americas,Caribbean,,home,,,7.0,,,15.0,,,something quara,72.0,,,,,,,2.0,,,,,,,,,,,,,,,,,,home,,,7,,,15,,,,72,,,24,,,something test,4,,
AU,AUS,Australia,Canberra,Oceania,Australia and New Zealand,,home,,,7.0,,,15.0,,,something quara,72.0,,,,,,,3.0,,,,,,,,,,,,,,,,,,home,,,7,,,15,,,,72,,,24,,,something test,4,,
AT,AUT,Austria,Vienna,Europe,Western Europe,,home,,,7.0,,,15.0,,,something quara,72.0,,,,,,,4.0,,,,,,,,,,,,,,,,,,home,,,7,,,15,,,,72,,,24,,,something test,4,,
AZ,AZE,Azerbaijan,Baku,Asia,Western Asia,,home,,,7.0,,,15.0,,,something quara,72.0,,,,,,,4.0,,,,,,,,,,,,,,,,,,home,,,7,,,15,,,,72,,,24,,,something test,4,,
BS,BHS,The Bahamas,Nassau,Americas,Caribbean,,home,,,7.0,,,15.0,,,something quara,72.0,,,,,,,1.0,,,,,,,,,,,,,,,,,,home,,,7,,,15,,,,72,,,24,,,something test,4,,
BH,BHR,Bahrain,Manama,Asia,Western Asia,,home,,,7.0,,,15.0,,,something quara,72.0,,,,,,,3.0,,,,,,,,,,,,,,,,,,home,,,7,,,15,,,,72,,,24,,,something test,4,,
BD,BGD,Bangladesh,Dhaka,Asia,Southern Asia,,home,,,7.0,,,15.0,,,something quara,72.0,,,,,,,2.0,,,,,,,,,,,,,,,,,,home,,,7,,,15,,,,72,,,24,,,something test,4,,
BB,BRB,Barbados,Bridgetown,Americas,Caribbean,,home,,,7.0,,,15.0,,,something quara,72.0,,,,,,,2.0,,,,,,,,,,,,,,,,,,home,,,7,,,15,,,,72,,,24,,,something test,4,,
BY,BLR,Belarus,Minsk,Europe,Eastern Europe,,home,,,7.0,,,15.0,,,something quara,72.0,,,,,,,2.0,,,,,,,,,,,,,,,,,,home,,,7,,,15,,,,72,,,24,,,something test,4,,
BE,BEL,Belgium,Brussels,Europe,Western Europe,,home,,,7.0,,,15.0,,,something quara,72.0,,,,,,,1.0,,,,,,,,,,,,,,,,,,home,,,7,,,15,,,,72,,,24,,,something test,4,,
BZ,BLZ,Belize,Belmopan,Americas,Central America,,home,,,7.0,,,15.0,,,something quara,72.0,,,,,,,1.0,something visa,,,,,,,,,,,,,,,,,home,,,7,,,15,,,,72,,,24,,,something test,4,,
BJ,BEN,Benin,Porto-Novo,Africa,Western Africa,,home,,,7.0,,,15.0,,,something quara,72.0,,,,,,,2.0,something visa,,,,,,,,,,,,,,,,,home,,,7,,,15,,,,72,,,24,,,something test,4,,
BM,BMU,Bermuda,Hamilton,Americas,Northern America,,home,,,7.0,,,15.0,,,something quara,72.0,,,,,,,3.0,something visa,,,,,,,,,,,,,,,,,home,,,7,,,15,,,,72,,,24,,,something test,4,,
BT,BTN,Bhutan,Thimphu,Asia,Southern Asia,,home,,,7.0,,,15.0,,,something quara,72.0,,,,,,,4.0,something visa,,,,,,,,,,,,,,,,,home,,,7,,,15,,,,72,,,24,,,something test,4,,
BO,BOL,Bolivia,Sucre,Americas,South America,,home,,,7.0,,,15.0,,,something quara,72.0,,,,,,,4.0,something visa,,,,,,,,,,,,,,,,,home,,,7,,,15,,,,72,,,24,,,something test,4,,
BQ,BES,Bonaire,Kralendijk,Americas,Caribbean,,home,,,7.0,,,15.0,,,something quara,72.0,,,,,,,1.0,something visa,,,,,,,,,,,,,,,,,home,,,7,,,15,,,,72,,,24,,,something test,4,,
BA,BIH,Bosnia and Herzegovina,Sarajevo,Europe,Southern Europe,,home,,,7.0,,,15.0,,,something quara,72.0,,,,,,,3.0,something visa,,,,,,,,,,,,,,,,,home,,,7,,,15,,,,72,,,24,,,something test,4,,
BW,BWA,Botswana,Gaborone,Africa,Southern Africa,,home,,,7.0,,,15.0,,,something quara,72.0,,,,,,,2.0,something visa,,,,,,,,,,,,,,,,,home,,,7,,,15,,,,72,,,24,,,something test,4,,
BV,BVT,Bouvet Island,,,,,home,,,7.0,,,15.0,,,something quara,72.0,,,,,,,2.0,something visa,,,,,,,,,,,,,,,,,home,,,7,,,15,,,,72,,,24,,,something test,4,,
BR,BRA,Brazil,Brasília,Americas,South America,,home,,,7.0,,,15.0,,,something quara,72.0,,,,,,,2.0,something visa,,,,,,,,,,,,,,,,,home,,,7,,,15,,,,72,,,24,,,something test,4,,
IO,IOT,British Indian Ocean Territory,Diego Garcia,Africa,Eastern Africa,,home,,,7.0,,,15.0,,,something quara,72.0,,,,,,,1.0,something visa,,,,,,,,,,,,,,,,,home,,,7,,,15,,,,72,,,24,,,something test,4,,
UM,UMI,United States Minor Outlying Islands,,Americas,Northern America,,home,,,7.0,,,15.0,,,something quara,72.0,,,,,,,1.0,something visa,,,,,,,,,,,,,,,,,home,,,7,,,15,,,,72,,,24,,,something test,4,,
VG,VGB,Virgin Islands (British),Road Town,Americas,Caribbean,,home,,,7.0,,,15.0,,,something quara,72.0,,,,,,,2.0,something visa,,,,,,,,,,,,,,,,,home,,,7,,,15,,,,72,,,24,,,something test,4,,
VI,VIR,Virgin Islands (U.S.),Charlotte Amalie,Americas,Caribbean,,home,,,7.0,,,15.0,,,something quara,72.0,,,,,,,3.0,something visa,,,,,,,,,,,,,,,,,home,,,7,,,15,,,,72,,,24,,,something test,4,,
BN,BRN,Brunei,Bandar Seri Begawan,Asia,South-Eastern Asia,,home,,,7.0,,,15.0,,,something quara,72.0,,,,,,,4.0,something visa,,,,,,,,,,,,,,,,,home,,,7,,,15,,,,72,,,24,,,something test,4,,
BG,BGR,Bulgaria,Sofia,Europe,Eastern Europe,,home,,,7.0,,,15.0,,,something quara,72.0,,,,,,,4.0,something visa,,,,,,,,,,,,,,,,,home,,,7,,,15,,,,72,,,24,,,something test,4,,
BF,BFA,Burkina Faso,Ouagadougou,Africa,Western Africa,,home,,,7.0,,,15.0,,,something quara,72.0,,,,,,,1.0,something visa,,,,,,,,,,,,,,,,,home,,,7,,,15,,,,72,,,24,,,something test,4,,
BI,BDI,Burundi,Bujumbura,Africa,Eastern Africa,,home,,,7.0,,,15.0,,,something quara,72.0,,,,,,,3.0,something visa,,,,,,,,,,,,,,,,,home,,,7,,,15,,,,72,,,24,,,something test,4,,
KH,KHM,Cambodia,Phnom Penh,Asia,South-Eastern Asia,,home,,,7.0,,,15.0,,,something quara,72.0,,,,,24.0,,2.0,something visa,,,,,,,,,,,,,,,,,home,,,7,,,15,,,,72,,,24,,,something test,4,,
CM,CMR,Cameroon,Yaoundé,Africa,Middle Africa,,home,,,7.0,,,15.0,,,something quara,72.0,,,,,24.0,,2.0,something visa,,,,,,,,,,,,,,,,,home,,,7,,,15,,,,72,,,24,,,something test,4,,
CA,CAN,Canada,Ottawa,Americas,Northern America,,home,,,7.0,,,15.0,,,something quara,72.0,,,,,24.0,,2.0,something visa,,,,,,,,,,,,,,,,,home,,,7,,,15,,,,72,,,24,,,something test,4,,
CV,CPV,Cape Verde,Praia,Africa,Western Africa,,home,,,7.0,,,15.0,,,something quara,72.0,,,,,24.0,,1.0,something visa,,,,,,,,,,,,,,,,,home,,,7,,,15,,,,72,,,24,,,something test,4,,
KY,CYM,Cayman Islands,George Town,Americas,Caribbean,,home,,,7.0,,,15.0,,,something quara,72.0,,,,,24.0,,1.0,something visa,,,,,,,,,,,,,,,,,home,,,7,,,15,,,,72,,,24,,,something test,4,,
CF,CAF,Central African Republic,Bangui,Africa,Middle Africa,,home,,,7.0,,,15.0,,,something quara,72.0,,,,,24.0,,2.0,something visa,,,,,,,,,,,,,,,,,home,,,7,,,15,,,,72,,,24,,,something test,4,,
TD,TCD,Chad,N'Djamena,Africa,Middle Africa,,home,,,7.0,,,15.0,,,something quara,72.0,,,,,24.0,,3.0,something visa,,,,,,,,,,,,,,,,,home,,,7,,,15,,,,72,,,24,,,something test,4,,
CL,CHL,Chile,Santiago,Americas,South America,,home,,,7.0,,,15.0,,,,72.0,,,,,24.0,something test,4.0,something visa,,,,,,,,,,,,,,,,,home,,,7,,,15,,,,72,,,24,,,something test,4,,
CN,CHN,China,Beijing,Asia,Eastern Asia,,home,,,7.0,,,15.0,,,,72.0,,,,,24.0,something test,4.0,something visa,,,,,,,,,,,,,,,,,home,,,7,,,15,,,,72,,,24,,,something test,4,,
CX,CXR,Christmas Island,Flying Fish Cove,Oceania,Australia and New Zealand,,home,,,7.0,,,15.0,,,,72.0,,,,,24.0,something test,1.0,something visa,,,,,,,,,,,,,,,,,home,,,7,,,15,,,,72,,,24,,,something test,4,,
CC,CCK,Cocos (Keeling) Islands,West Island,Oceania,Australia and New Zealand,,home,,,7.0,,,15.0,,,,72.0,,,,,24.0,something test,3.0,something visa,,,,,,,,,,,,,,,,,home,,,7,,,15,,,,72,,,24,,,something test,4,,
CO,COL,Colombia,Bogotá,Americas,South America,,home,,,7.0,,,15.0,,,,72.0,,,,,24.0,something test,2.0,something visa,,,,,,,,,,,,,,,,,home,,,7,,,15,,,,72,,,24,,,something test,4,,
KM,COM,Comoros,Moroni,Africa,Eastern Africa,,home,,,7.0,,,15.0,,,,72.0,,,,,24.0,something test,2.0,something visa,,,,,,,,,,,,,,,,,home,,,7,,,15,,,,72,,,24,,,something test,4,,
CG,COG,Republic of the Congo,Brazzaville,Africa,Middle Africa,,home,,,7.0,,,15.0,,,,72.0,,,,,24.0,something test,2.0,something visa,,,,,,,,,,,,,,,,,home,,,7,,,15,,,,72,,,24,,,something test,4,,
CD,COD,Democratic Republic of the Congo,Kinshasa,Africa,Middle Africa,,home,,,7.0,,,15.0,,,,72.0,,,,,24.0,something test,1.0,something visa,,,,,,,,,,,,,,,,,home,,,7,,,15,,,,72,,,24,,,something test,4,,
CK,COK,Cook Islands,Avarua,Oceania,Polynesia,,home,,,7.0,,,15.0,,,,72.0,,,,,24.0,something test,1.0,something visa,,,,,,,,,,,,,,,,,home,,,7,,,15,,,,72,,,24,,,something test,4,,
CR,CRI,Costa Rica,San José,Americas,Central America,,home,,,7.0,,,15.0,,,,72.0,,,,,24.0,something test,2.0,something visa,,,,,,,,,,,,,,,,,home,,,7,,,15,,,,72,,,24,,,something test,4,,
HR,HRV,Croatia,Zagreb,Europe,Southern Europe,,home,,,7.0,,,15.0,,,,72.0,,,,,24.0,something test,3.0,something visa,,,,,,,,,,,,,,,,,home,,,7,,,15,,,,72,,,24,,,something test,4,,
CU,CUB,Cuba,Havana,Americas,Caribbean,,home,,,7.0,,,15.0,,,,72.0,,,,,24.0,something test,4.0,something visa,,,,,,,,,,,,,,,,,home,,,7,,,15,,,,72,,,24,,,something test,4,,
CW,CUW,Curaçao,Willemstad,Americas,Caribbean,,home,,,7.0,,,15.0,,,,72.0,,,,,24.0,something test,4.0,,,,,,,,,,,,,,,,,,home,,,7,,,15,,,,72,,,24,,,something test,4,,
CY,CYP,Cyprus,Nicosia,Europe,Southern Europe,,home,,,7.0,,,15.0,,,,72.0,,,,,24.0,something test,1.0,,,,,,,,,,,,,,,,,,home,,,7,,,15,,,,72,,,24,,,something test,4,,
CZ,CZE,Czech Republic,Prague,Europe,Eastern Europe,,home,,,7.0,,,15.0,,,,72.0,,,,,24.0,something test,3.0,,,,,,,,,,,,,,,,,,home,,,7,,,15,,,,72,,,24,,,something test,4,,
DK,DNK,Denmark,Copenhagen,Europe,Northern Europe,,home,,,7.0,,,15.0,,,,72.0,,,,,24.0,something test,2.0,,,,,,,,,,,,,,,,,,home,,,7,,,15,,,,72,,,24,,,something test,4,,
DJ,DJI,Djibouti,Djibouti,Africa,Eastern Africa,,home,,,7.0,,,15.0,,,,72.0,,,,,24.0,something test,2.0,,,,,,,,,,,,,,,,,,home,,,7,,,15,,,,72,,,24,,,something test,4,,
DM,DMA,Dominica,Roseau,Americas,Caribbean,,home,,,7.0,,,15.0,,,,72.0,,,,,24.0,something test,2.0,,,,,,,,,,,,,,,,,,home,,,7,,,15,,,,72,,,24,,,something test,4,,
DO,DOM,Dominican Republic,Santo Domingo,Americas,Caribbean,,home,,,7.0,,,15.0,,,,72.0,,,,,24.0,something test,1.0,,,,,,,,,,,,,,,,,,home,,,7,,,15,,,,72,,,24,,,something test,4,,
EC,ECU,Ecuador,Quito,Americas,South America,,home,,,7.0,,,15.0,,,,72.0,,,,,24.0,something test,1.0,,,,,,,,,,,,,,,,,,home,,,7,,,15,,,,72,,,24,,,something test,4,,
EG,EGY,Egypt,Cairo,Africa,Northern Africa,,home,,,7.0,,,15.0,,,,72.0,,,24.0,,,something test,2.0,,,,,,,,,,,,,,,,,,home,,,7,,,15,,,,72,,,24,,,something test,4,,
SV,SLV,El Salvador,San Salvador,Americas,Central America,,home,,,7.0,,,15.0,,,,72.0,,,24.0,,,something test,3.0,,,,,,,,,,,,,,,,,,home,,,7,,,15,,,,72,,,24,,,something test,4,,
GQ,GNQ,Equatorial Guinea,Malabo,Africa,Middle Africa,,home,,,7.0,,,15.0,,,,72.0,,,24.0,,,something test,4.0,,,,,,,,,,,,,,,,,,home,,,7,,,15,,,,72,,,24,,,something test,4,,
ER,ERI,Eritrea,Asmara,Africa,Eastern Africa,,home,,,7.0,,,15.0,,,,72.0,,,24.0,,,something test,4.0,,,,,,,,,,,,,,,,,,home,,,7,,,15,,,,72,,,24,,,something test,4,,
EE,EST,Estonia,Tallinn,Europe,Northern Europe,,home,,,7.0,,,15.0,,,,72.0,,,24.0,,,something test,1.0,,,,,,,,,,,,,,,,,,home,,,7,,,15,,,,72,,,24,,,something test,4,,
ET,ETH,Ethiopia,Addis Ababa,Africa,Eastern Africa,,home,,,7.0,,,15.0,,,,72.0,,,24.0,,,something test,3.0,,,,,,,,,,,,,,,,,,home,,,7,,,15,,,,72,,,24,,,something test,4,,
FK,FLK,Falkland Islands,Stanley,Americas,South America,,home,,,7.0,,,15.0,,,,72.0,,,24.0,,,something test,2.0,,,,,,,,,,,,,,,,,,home,,,7,,,15,,,,72,,,24,,,something test,4,,
FO,FRO,Faroe Islands,Tórshavn,Europe,Northern Europe,,home,,,7.0,,,15.0,,,,72.0,,,24.0,,,something test,2.0,,,,,,,,,,,,,,,,,,home,,,7,,,15,,,,72,,,24,,,something test,4,,
FJ,FJI,Fiji,Suva,Oceania,Melanesia,,home,,,7.0,,,15.0,,,,72.0,,,24.0,,,something test,2.0,,,,,,,,,,,,,,,,,,home,,,7,,,15,,,,72,,,24,,,something test,4,,
FI,FIN,Finland,Helsinki,Europe,Northern Europe,,home,,,7.0,,,15.0,,,,72.0,,,24.0,,,something test,1.0,,,,,,,,,,,,,,,,,,home,,,7,,,15,,,,72,,,24,,,something test,4,,
FR,FRA,France,Paris,Europe,Western Europe,,home,,,7.0,,,15.0,,,,72.0,,,24.0,,,something test,1.0,,,,,,,,,,,,,,,,,,home,,,7,,,15,,,,72,,,24,,,something test,4,,
GF,GUF,French Guiana,Cayenne,Americas,South America,,home,,,7.0,,,15.0,,,,72.0,,,24.0,,,something test,2.0,,,,,,,,,,,,,,,,,,home,,,7,,,15,,,,72,,,24,,,something test,4,,
PF,PYF,French Polynesia,Papeetē,Oceania,Polynesia,,home,,,7.0,,,15.0,,,,72.0,,,24.0,,,something test,3.0,,,,,,,,,,,,,,,,,,home,,,7,,,15,,,,72,,,24,,,something test,4,,
TF,ATF,French Southern and Antarctic Lands,Port-aux-Français,Africa,Southern Africa,,home,,,7.0,,,15.0,,,,72.0,,,24.0,,,something test,4.0,,,,,,,,,,,,,,,,,,home,,,7,,,15,,,,72,,,24,,,something test,4,,
GA,GAB,Gabon,Libreville,Africa,Middle Africa,,home,,,7.0,,,15.0,,,,72.0,,,24.0,,,something test,4.0,,,,,,,,,,,,,,,,,,home,,,7,,,15,,,,72,,,24,,,something test,4,,
GM,GMB,The Gambia,Banjul,Africa,Western Africa,,home,,,7.0,,,15.0,,,,72.0,,,24.0,,,something test,1.0,,,,,,,,,,,,,,,,,,home,,,7,,,15,,,,72,,,24,,,something test,4,,
GE,GEO,Georgia,Tbilisi,Asia,Western Asia,,home,,,7.0,,,15.0,,,,72.0,,,24.0,,,something test,3.0,,,,,,,,,,,,,,,,,,home,,,7,,,15,,,,72,,,24,,,something test,4,,
DE,DEU,Germany,Berlin,Europe,Western Europe,,home,,,7.0,,,15.0,,,,72.0,,,24.0,,,something test,2.0,,,,,,,,,,,,,,,,,,home,,,7,,,15,,,,72,,,24,,,something test,4,,
GH,GHA,Ghana,Accra,Africa,Western Africa,,home,,,7.0,,,15.0,,,,72.0,,,24.0,,,something test,1.0,,,,,,,,,,,,,,,,,,home,,,7,,,15,,,,72,,,24,,,something test,4,,
GI,GIB,Gibraltar,Gibraltar,Europe,Southern Europe,,home,,,7.0,,,15.0,,,,72.0,,,24.0,,,something test,2.0,,,,,,,,,,,,,,,,,,home,,,7,,,15,,,,72,,,24,,,something test,4,,
GR,GRC,Greece,Athens,Europe,Southern Europe,,home,,,7.0,,,15.0,,,,72.0,,,24.0,,,something test,3.0,,,,,,,,,,,,,,,,,,home,,,7,,,15,,,,72,,,24,,,something test,4,,
GL,GRL,Greenland,Nuuk,Americas,Northern America,,home,,,7.0,,,15.0,,,,72.0,,,24.0,,,something test,4.0,,,,,,,,,,,,,,,,,,home,,,7,,,15,,,,72,,,24,,,something test,4,,
GD,GRD,Grenada,St. George's,Americas,Caribbean,,home,,,7.0,,,15.0,,,,72.0,,,24.0,,,something test,4.0,,,,,,,,,,,,,,,,,,home,,,7,,,15,,,,72,,,24,,,something test,4,,
GP,GLP,Guadeloupe,Basse-Terre,Americas,Caribbean,,home,,,7.0,,,15.0,,,,72.0,,,24.0,,,something test,1.0,,,,,,,,,,,,,,,,,,home,,,7,,,15,,,,72,,,24,,,something test,4,,
GU,GUM,Guam,Hagåtña,Oceania,Micronesia,,home,,,7.0,,,15.0,,,,72.0,,,24.0,,,something test,3.0,,,,,,,,,,,,,,,,,,home,,,7,,,15,,,,72,,,24,,,something test,4,,
GT,GTM,Guatemala,Guatemala City,Americas,Central America,,home,,,7.0,,,15.0,,,,72.0,,,24.0,,,something test,2.0,,,,,,,,,,,,,,,,,,home,,,7,,,15,,,,72,,,24,,,something test,4,,
GG,GGY,Guernsey,St. Peter Port,Europe,Northern Europe,,home,,,7.0,,,15.0,,,,72.0,,,24.0,,,something test,2.0,,,,,,,,,,,,,,,,,,home,,,7,,,15,,,,72,,,24,,,something test,4,,
GN,GIN,Guinea,Conakry,Africa,Western Africa,,home,,,7.0,,,15.0,,,,72.0,,,24.0,,,something test,2.0,,,,,,,,,,,,,,,,,,home,,,7,,,15,,,,72,,,24,,,something test,4,,
GW,GNB,Guinea-Bissau,Bissau,Africa,Western Africa,,home,,,7.0,,,15.0,,,,72.0,,,24.0,,,something test,1.0,,,,,,,,,,,,,,,,,,home,,,7,,,15,,,,72,,,24,,,something test,4,,
GY,GUY,Guyana,Georgetown,Americas,South America,,home,,,7.0,,,15.0,,,,72.0,,,24.0,,,something test,2.0,something visa,,,,,,,,,,,,,,,,,home,,,7,,,15,,,,72,,,24,,,something test,4,,
HT,HTI,Haiti,Port-au-Prince,Americas,Caribbean,,home,,,7.0,,,15.0,,,,72.0,,,24.0,,,something test,3.0,something visa,,,,,,,,,,,,,,,,,home,,,7,,,15,,,,72,,,24,,,something test,4,,
HM,HMD,Heard Island and McDonald Islands,,,,,home,,,7.0,,,15.0,,,,72.0,,,24.0,,,something test,4.0,something visa,,,,,,,,,,,,,,,,,home,,,7,,,15,,,,72,,,24,,,something test,4,,
VA,VAT,Holy See,Rome,Europe,Southern Europe,,home,,,7.0,,,15.0,,,,72.0,,,24.0,,,something test,4.0,something visa,,,,,,,,,,,,,,,,,home,,,7,,,15,,,,72,,,24,,,something test,4,,
HN,HND,Honduras,Tegucigalpa,Americas,Central America,,home,,,7.0,,,15.0,,,,72.0,,,24.0,,,something test,1.0,something visa,,,,,,,,,,,,,,,,,home,,,7,,,15,,,,72,,,24,,,something test,4,,
HK,HKG,Hong Kong,City of Victoria,Asia,Eastern Asia,,home,,,7.0,,,15.0,,,,72.0,,,24.0,,,something test,3.0,something visa,,,,,,,,,,,,,,,,,home,,,7,,,15,,,,72,,,24,,,something test,4,,
HU,HUN,Hungary,Budapest,Europe,Eastern Europe,,home,,,7.0,,,15.0,,,,72.0,,,24.0,,,something test,2.0,something visa,,,,,,,,,,,,,,,,,home,,,7,,,15,,,,72,,,24,,,something test,4,,
IS,ISL,Iceland,Reykjavík,Europe,Northern Europe,,home,,,7.0,,,15.0,,,,72.0,,,24.0,,,something test,2.0,something visa,,,,,,,,,,,,,,,,,home,,,7,,,15,,,,72,,,24,,,something test,4,,
IN,IND,India,New Delhi,Asia,Southern Asia,,home,,,7.0,,,15.0,,,,72.0,,,24.0,,,something test,1.0,something visa,,,,,,,,,,,,,,,,,home,,,7,,,15,,,,72,,,24,,,something test,4,,
ID,IDN,Indonesia,Jakarta,Asia,South-Eastern Asia,,home,,,7.0,,,15.0,,,,72.0,,,24.0,,,something test,2.0,something visa,,,,,,,,,,,,,,,,,home,,,7,,,15,,,,72,,,24,,,something test,4,,
CI,CIV,Ivory Coast,Yamoussoukro,Africa,Western Africa,,home,,,7.0,,,15.0,,,,72.0,,,24.0,,,something test,3.0,something visa,,,,,,,,,,,,,,,,,home,,,7,,,15,,,,72,,,24,,,something test,4,,
IR,IRN,Iran,Tehran,Asia,Southern Asia,,home,,,7.0,,,15.0,,,,72.0,,,24.0,,,something test,4.0,something visa,,,,,,,,,,,,,,,,,home,,,7,,,15,,,,72,,,24,,,something test,4,,
IQ,IRQ,Iraq,Baghdad,Asia,Western Asia,,home,,,7.0,,,15.0,,,,72.0,,,24.0,,,something test,4.0,something visa,,,,,,,,,,,,,,,,,home,,,7,,,15,,,,72,,,24,,,something test,4,,
IE,IRL,Republic of Ireland,Dublin,Europe,Northern Europe,,home,,,7.0,,,15.0,,,,72.0,,,24.0,,,something test,1.0,something visa,,,,,,,,,,,,,,,,,home,,,7,,,15,,,,72,,,24,,,something test,4,,
IM,IMN,Isle of Man,Douglas,Europe,Northern Europe,,home,,,7.0,,,15.0,,,,72.0,,,24.0,,,something test,3.0,something visa,,,,,,,,,,,,,,,,,home,,,7,,,15,,,,72,,,24,,,something test,4,,
IL,ISR,Israel,Jerusalem,Asia,Western Asia,,home,,,7.0,,,15.0,,,,72.0,,,24.0,,,something test,2.0,something visa,,,,,,,,,,,,,,,,,home,,,7,,,15,,,,72,,,24,,,something test,4,,
IT,ITA,Italy,Rome,Europe,Southern Europe,,home,,,7.0,,,15.0,,,,72.0,,,24.0,,,something test,2.0,something visa,,,,,,,,,,,,,,,,,home,,,7,,,15,,,,72,,,24,,,something test,4,,
JM,JAM,Jamaica,Kingston,Americas,Caribbean,,home,,,7.0,,,15.0,,,,72.0,,,24.0,,,something test,1.0,something visa,,,,,,,,,,,,,,,,,home,,,7,,,15,,,,72,,,24,,,something test,4,,
JP,JPN,Japan,Tokyo,Asia,Eastern Asia,,home,,,7.0,,,15.0,,,,72.0,,,24.0,,,something test,2.0,something visa,,,,,,,,,,,,,,,,,home,,,7,,,15,,,,72,,,24,,,something test,4,,
JE,JEY,Jersey,Saint Helier,Europe,Northern Europe,,home,,,7.0,,,15.0,,,,72.0,,,24.0,,,something test,3.0,something visa,,,,,,,,,,,,,,,,,home,,,7,,,15,,,,72,,,24,,,something test,4,,
JO,JOR,Jordan,Amman,Asia,Western Asia,,home,,,7.0,,,15.0,,,,72.0,,,24.0,,,something test,4.0,something visa,,,,,,,,,,,,,,,,,home,,,7,,,15,,,,72,,,24,,,something test,4,,
KZ,KAZ,Kazakhstan,Astana,Asia,Central Asia,,home,,,7.0,,,15.0,,,,72.0,,,24.0,,,something test,4.0,something visa,,,,,,,,,,,,,,,,,home,,,7,,,15,,,,72,,,24,,,something test,4,,
KE,KEN,Kenya,Nairobi,Africa,Eastern Africa,,home,,,7.0,,,15.0,,,,72.0,,,24.0,,,something test,1.0,something visa,,,,,,,,,,,,,,,,,home,,,7,,,15,,,,72,,,24,,,something test,4,,
KI,KIR,Kiribati,South Tarawa,Oceania,Micronesia,,home,,,7.0,,,15.0,,,,72.0,,,24.0,,,something test,3.0,something visa,,,,,,,,,,,,,,,,,home,,,7,,,15,,,,72,,,24,,,something test,4,,
KW,KWT,Kuwait,Kuwait City,Asia,Western Asia,,home,,,7.0,,,15.0,,,,72.0,,,24.0,,,something test,2.0,something visa,,,,,,,,,,,,,,,,,home,,,7,,,15,,,,72,,,24,,,something test,4,,
KG,KGZ,Kyrgyzstan,Bishkek,Asia,Central Asia,,home,,,7.0,,,15.0,,,,72.0,,,24.0,,,something test,1.0,something visa,,,,,,,,,,,,,,,,,home,,,7,,,15,,,,72,,,24,,,something test,4,,
LA,LAO,Laos,Vientiane,Asia,South-Eastern Asia,,home,,,7.0,,,15.0,,,,72.0,,,24.0,,,something test,2.0,something visa,,,,,,,,,,,,,,,,,home,,,7,,,15,,,,72,,,24,,,something test,4,,
LV,LVA,Latvia,Riga,Europe,Northern Europe,,home,,,7.0,,,15.0,,,,72.0,,,24.0,,,something test,3.0,something visa,,,,,,,,,,,,,,,,,home,,,7,,,15,,,,72,,,24,,,something test,4,,
LB,LBN,Lebanon,Beirut,Asia,Western Asia,,home,,,7.0,,,15.0,,,,72.0,,,24.0,,,something test,4.0,something visa,,,,,,,,,,,,,,,,,home,,,7,,,15,,,,72,,,24,,,something test,4,,
LS,LSO,Lesotho,Maseru,Africa,Southern Africa,,home,,,7.0,,,15.0,,,,72.0,,,24.0,,,something test,4.0,something visa,,,,,,,,,,,,,,,,,home,,,7,,,15,,,,72,,,24,,,something test,4,,
LR,LBR,Liberia,Monrovia,Africa,Western Africa,,home,,,7.0,,,15.0,,,,72.0,,,24.0,,,something test,1.0,something visa,,,,,,,,,,,,,,,,,home,,,7,,,15,,,,72,,,24,,,something test,4,,
LY,LBY,Libya,Tripoli,Africa,Northern Africa,,home,,,7.0,,,15.0,,,,,,72.0,24.0,,,something test,3.0,something visa,,,,,,,,,,,,,,,,,home,,,7,,,15,,,,72,,,24,,,something test,4,,
LI,LIE,Liechtenstein,Vaduz,Europe,Western Europe,,home,,,7.0,,,15.0,,,,,,72.0,24.0,,,something test,2.0,something visa,,,,,,,,,,,,,,,,,home,,,7,,,15,,,,72,,,24,,,something test,4,,
LT,LTU,Lithuania,Vilnius,Europe,Northern Europe,,home,,,7.0,,,15.0,,,,,,72.0,24.0,,,something test,1.0,something visa,,,,,,,,,,,,,,,,,home,,,7,,,15,,,,72,,,24,,,something test,4,,
LU,LUX,Luxembourg,Luxembourg,Europe,Western Europe,,home,,,7.0,,,15.0,,,,,,72.0,24.0,,,something test,2.0,something visa,,,,,,,,,,,,,,,,,home,,,7,,,15,,,,72,,,24,,,something test,4,,
MO,MAC,Macau,,Asia,Eastern Asia,,home,,,7.0,,,15.0,,,,,,72.0,24.0,,,something test,3.0,something visa,,,,,,,,,,,,,,,,,home,,,7,,,15,,,,72,,,24,,,something test,4,,
MK,MKD,Republic of Macedonia,Skopje,Europe,Southern Europe,,home,,,7.0,,,15.0,,,,,,72.0,24.0,,,something test,4.0,something visa,,,,,,,,,,,,,,,,,home,,,7,,,15,,,,72,,,24,,,something test,4,,
MG,MDG,Madagascar,Antananarivo,Africa,Eastern Africa,,home,,,7.0,,,15.0,,,,,,72.0,24.0,,,something test,4.0,something visa,,,,,,,,,,,,,,,,,home,,,7,,,15,,,,72,,,24,,,something test,4,,
MW,MWI,Malawi,Lilongwe,Africa,Eastern Africa,,home,,,7.0,,,15.0,,,,,,72.0,24.0,,,something test,1.0,something visa,,,,,,,,,,,,,,,,,home,,,7,,,15,,,,72,,,24,,,something test,4,,
MY,MYS,Malaysia,Kuala Lumpur,Asia,South-Eastern Asia,,home,,,7.0,,,15.0,,,,,,72.0,24.0,,,something test,3.0,something visa,,,,,,,,,,,,,,,,,home,,,7,,,15,,,,72,,,24,,,something test,4,,
MV,MDV,Maldives,Malé,Asia,Southern Asia,,home,,,7.0,,,15.0,,,,,,72.0,24.0,,,something test,2.0,something visa,,,,,,,,,,,,,,,,,home,,,7,,,15,,,,72,,,24,,,something test,4,,
ML,MLI,Mali,Bamako,Africa,Western Africa,,home,,,7.0,,,15.0,,,,,,72.0,24.0,,,something test,2.0,something visa,,,,,,,,,,,,,,,,,home,,,7,,,15,,,,72,,,24,,,something test,4,,
MT,MLT,Malta,Valletta,Europe,Southern Europe,,home,,,7.0,,,15.0,,,,,,72.0,24.0,,,something test,2.0,something visa,,,,,,,,,,,,,,,,,home,,,7,,,15,,,,72,,,24,,,something test,4,,
MH,MHL,Marshall Islands,Majuro,Oceania,Micronesia,,home,,,7.0,,,15.0,,,,,,72.0,24.0,,,something test,1.0,something visa,,,,,,,,,,,,,,,,,home,,,7,,,15,,,,72,,,24,,,something test,4,,
MQ,MTQ,Martinique,Fort-de-France,Americas,Caribbean,,home,,,7.0,,,15.0,,,,,,72.0,24.0,,,something test,1.0,something visa,,,,,,,,,,,,,,,,,home,,,7,,,15,,,,72,,,24,,,something test,4,,
MR,MRT,Mauritania,Nouakchott,Africa,Western Africa,,home,,,7.0,,,15.0,,,,,,72.0,24.0,,,something test,2.0,something visa,,,,,,,,,,,,,,,,,home,,,7,,,15,,,,72,,,24,,,something test,4,,
MU,MUS,Mauritius,Port Louis,Africa,Eastern Africa,,home,,,7.0,,,15.0,,,,,,72.0,24.0,,,something test,3.0,something visa,,,,,,,,,,,,,,,,,home,,,7,,,15,,,,72,,,24,,,something test,4,,
YT,MYT,Mayotte,Mamoudzou,Africa,Eastern Africa,,home,,,7.0,,,15.0,,,,,,72.0,24.0,,,something test,4.0,something visa,,,,,,,,,,,,,,,,,home,,,7,,,15,,,,72,,,24,,,something test,4,,
MX,MEX,Mexico,Mexico City,Americas,Central America,,home,,,7.0,,,15.0,,,,,,72.0,24.0,,,something test,4.0,something visa,,,,,,,,,,,,,,,,,home,,,7,,,15,,,,72,,,24,,,something test,4,,
FM,FSM,Federated States of Micronesia,Palikir,Oceania,Micronesia,,home,,,7.0,,,15.0,,,,,,72.0,24.0,,,something test,1.0,something visa,,,,,,,,,,,,,,,,,home,,,7,,,15,,,,72,,,24,,,something test,4,,
MD,MDA,Moldova,Chișinău,Europe,Eastern Europe,,home,,,7.0,,,15.0,,,,,,72.0,24.0,,,something test,3.0,something visa,,,,,,,,,,,,,,,,,home,,,7,,,15,,,,72,,,24,,,something test,4,,
MC,MCO,Monaco,Monaco,Europe,Western Europe,,home,,,7.0,,,15.0,,,,,,72.0,24.0,,,something test,2.0,something visa,,,,,,,,,,,,,,,,,home,,,7,,,15,,,,72,,,24,,,something test,4,,
MN,MNG,Mongolia,Ulan Bator,Asia,Eastern Asia,,home,,,7.0,,,15.0,,,,,,72.0,24.0,,,something test,2.0,something visa,,,,,,,,,,,,,,,,,home,,,7,,,15,,,,72,,,24,,,something test,4,,
ME,MNE,Montenegro,Podgorica,Europe,Southern Europe,,home,,,7.0,,,15.0,,,,,,72.0,24.0,,,something test,2.0,something visa,,,,,,,,,,,,,,,,,home,,,7,,,15,,,,72,,,24,,,something test,4,,
MS,MSR,Montserrat,Plymouth,Americas,Caribbean,,home,,,7.0,,,15.0,,,,,,72.0,24.0,,,something test,1.0,something visa,,,,,,,,,,,,,,,,,home,,,7,,,15,,,,72,,,24,,,something test,4,,
MA,MAR,Morocco,Rabat,Africa,Northern Africa,,home,,,7.0,,,15.0,,,,,,72.0,24.0,,,something test,1.0,something visa,,,,,,,,,,,,,,,,,home,,,7,,,15,,,,72,,,24,,,something test,4,,
MZ,MOZ,Mozambique,Maputo,Africa,Eastern Africa,,home,,,7.0,,,12.0,,,,,,72.0,24.0,,,something test,2.0,something visa,,,,,,,,,,,,,,,,,home,,,7,,,15,,,,72,,,24,,,something test,4,,
MM,MMR,Myanmar,Naypyidaw,Asia,South-Eastern Asia,,home,,,7.0,,,12.0,,,,,,72.0,24.0,,,something test,3.0,something visa,,,,,,,,,,,,,,,,,home,,,7,,,15,,,,72,,,24,,,something test,4,,
,NAM,Namibia,Windhoek,Africa,Southern Africa,,home,,,7.0,,,12.0,,,,,,72.0,24.0,,,something test,4.0,something visa,,,,,,,,,,,,,,,,,home,,,7,,,15,,,,72,,,24,,,something test,4,,
NR,NRU,Nauru,Yaren,Oceania,Micronesia,,home,,,7.0,,,12.0,,,,,144.0,96.0,24.0,,,something test,4.0,something visa,,,,,,,,,,,,,,,,,home,,,7,,,15,,,,72,,,24,,,something test,4,,
NP,NPL,Nepal,Kathmandu,Asia,Southern Asia,,home,,,7.0,,,12.0,,,,,144.0,96.0,24.0,,,something test,1.0,something visa,,,,,,,,,,,,,,,,,home,,,7,,,15,,,,72,,,24,,,something test,4,,
NL,NLD,Netherlands,Amsterdam,Europe,Western Europe,,home,,,7.0,,,12.0,,,,,144.0,96.0,24.0,,,something test,3.0,something visa,,,,,,,,,,,,,,,,,home,,,7,,,15,,,,72,,,24,,,something test,4,,
NC,NCL,New Caledonia,Nouméa,Oceania,Melanesia,,home,,,7.0,,,12.0,,,,,144.0,96.0,24.0,,,something test,2.0,something visa,,,,,,,,,,,,,,,,,home,,,7,,,15,,,,72,,,24,,,something test,4,,
NZ,NZL,New Zealand,Wellington,Oceania,Australia and New Zealand,,home,,,7.0,,,12.0,,,,,144.0,96.0,24.0,,,something test,2.0,something visa,,,,,,,,,,,,,,,,,home,,,7,,,15,,,,72,,,24,,,something test,4,,
NI,NIC,Nicaragua,Managua,Americas,Central America,,home,,,7.0,,,12.0,,,,,144.0,96.0,24.0,,,something test,2.0,something visa,,,,,,,,,,,,,,,,,home,,,7,,,15,,,,72,,,24,,,something test,4,,
NE,NER,Niger,Niamey,Africa,Western Africa,,home,,,7.0,,,12.0,,,,,144.0,96.0,24.0,,,something test,1.0,something visa,,,,,,,,,,,,,,,,,home,,,7,,,15,,,,72,,,24,,,something test,4,,
NG,NGA,Nigeria,Abuja,Africa,Western Africa,,home,,,7.0,,,12.0,,,,,144.0,96.0,24.0,,,something test,1.0,something visa,,,,,,,,,,,,,,,,,home,,,7,,,15,,,,72,,,24,,,something test,4,,
NU,NIU,Niue,Alofi,Oceania,Polynesia,,home,,,7.0,,,12.0,,,,,144.0,96.0,24.0,,,something test,2.0,something visa,,,,,,,,,,,,,,,,,home,,,7,,,15,,,,72,,,24,,,something test,4,,
NF,NFK,Norfolk Island,Kingston,Oceania,Australia and New Zealand,,home,,,7.0,,,12.0,,,,,144.0,96.0,24.0,,,something test,3.0,something visa,,,,,,,,,,,,,,,,,home,,,7,,,15,,,,72,,,24,,,something test,4,,
KP,PRK,North Korea,Pyongyang,Asia,Eastern Asia,,home,,,7.0,,,12.0,,,,,144.0,96.0,24.0,,,something test,4.0,something visa,,,,,,,,,,,,,,,,,home,,,7,,,15,,,,72,,,24,,,something test,4,,
MP,MNP,Northern Mariana Islands,Saipan,Oceania,Micronesia,,home,,,7.0,,,12.0,,,,,144.0,96.0,24.0,,,something test,4.0,something visa,,,,,,,,,,,,,,,,,home,,,7,,,15,,,,72,,,24,,,something test,4,,
NO,NOR,Norway,Oslo,Europe,Northern Europe,,home,,,7.0,,,12.0,,,,,144.0,96.0,24.0,,,something test,1.0,something visa,,,,,,,,,,,,,,,,,home,,,7,,,15,,,,72,,,24,,,something test,4,,
OM,OMN,Oman,Muscat,Asia,Western Asia,,home,,,,,20.0,,,20.0,,,144.0,96.0,24.0,,,something test,3.0,something visa,,,,,,,,,,,,,,,,,home,,,7,,,15,,,,72,,,24,,,something test,4,,
PK,PAK,Pakistan,Islamabad,Asia,Southern Asia,,home,,,,,20.0,,,20.0,,,144.0,96.0,24.0,,,something test,2.0,something visa,,,,,,,,,,,,,,,,,home,,,7,,,15,,,,72,,,24,,,something test,4,,
PW,PLW,Palau,Ngerulmud,Oceania,Micronesia,,home,,,,,20.0,,,20.0,,,144.0,96.0,24.0,,,something test,2.0,something visa,,,,,,,,,,,,,,,,,home,,,7,,,15,,,,72,,,24,,,something test,4,,
PS,PSE,Palestine,Ramallah,Asia,Western Asia,,home,,,,,20.0,,,20.0,,,144.0,96.0,24.0,,,something test,2.0,something visa,,,,,,,,,,,,,,,,,home,,,7,,,15,,,,72,,,24,,,something test,4,,
PA,PAN,Panama,Panama City,Americas,Central America,,home,,,,,20.0,,,20.0,,,144.0,96.0,24.0,,,something test,1.0,something visa,,,,,,,,,,,,,,,,,home,,,7,,,15,,,,72,,,24,,,something test,4,,
PG,PNG,Papua New Guinea,Port Moresby,Oceania,Melanesia,,home,,,7.0,,,12.0,,,,,144.0,96.0,24.0,,,something test,1.0,something visa,,,,,,,,,,,,,,,,,home,,,7,,,15,,,,72,,,24,,,something test,4,,
PY,PRY,Paraguay,Asunción,Americas,South America,,home,,,7.0,,,12.0,,,,,144.0,96.0,24.0,,,something test,1.0,something visa,,,,,,,,,,,,,,,,,home,,,7,,,15,,,,72,,,24,,,something test,4,,
PE,PER,Peru,Lima,Americas,South America,,home,,,7.0,,,12.0,,,,,144.0,96.0,24.0,,,something test,2.0,something visa,,,,,,,,,,,,,,,,,home,,,7,,,15,,,,72,,,24,,,something test,4,,
PH,PHL,Philippines,Manila,Asia,South-Eastern Asia,,home,,,7.0,,,12.0,,,,,144.0,96.0,24.0,,,something test,3.0,something visa,,,,,,,,,,,,,,,,,home,,,7,,,15,,,,72,,,24,,,something test,4,,
PN,PCN,Pitcairn Islands,Adamstown,Oceania,Polynesia,,home,,,7.0,,,12.0,,,,,144.0,96.0,24.0,,,something test,4.0,something visa,,,,,,,,,,,,,,,,,home,,,7,,,15,,,,72,,,24,,,something test,4,,
PL,POL,Poland,Warsaw,Europe,Eastern Europe,,home,,,7.0,,,12.0,,,,,144.0,96.0,24.0,,,something test,4.0,something visa,,,,,,,,,,,,,,,,,home,,,7,,,15,,,,72,,,24,,,something test,4,,
PT,PRT,Portugal,Lisbon,Europe,Southern Europe,,home,,,7.0,,,12.0,,,,,144.0,96.0,24.0,,,something test,1.0,something visa,,,,,,,,,,,,,,,,,home,,,7,,,15,,,,72,,,24,,,something test,4,,
PR,PRI,Puerto Rico,San Juan,Americas,Caribbean,,home,,,7.0,,,12.0,,,,,144.0,96.0,24.0,,,something test,3.0,something visa,,,,,,,,,,,,,,,,,home,,,7,,,15,,,,72,,,24,,,something test,4,,
QA,QAT,Qatar,Doha,Asia,Western Asia,,home,,,7.0,,,12.0,,,,,144.0,96.0,24.0,,,something test,2.0,something visa,,,,,,,,,,,,,,,,,home,,,7,,,15,,,,72,,,24,,,something test,4,,
XK,KOS,Republic of Kosovo,Pristina,Europe,Eastern Europe,,home,,,7.0,,,12.0,,,,,144.0,96.0,24.0,,,something test,2.0,something visa,,,,,,,,,,,,,,,,,home,,,7,,,15,,,,72,,,24,,,something test,4,,
RE,REU,Réunion,Saint-Denis,Africa,Eastern Africa,,home,,,7.0,,,12.0,,,,,144.0,96.0,24.0,,,something test,2.0,something visa,,,,,,,,,,,,,,,,,home,,,7,,,15,,,,72,,,24,,,something test,4,,
RO,ROU,Romania,Bucharest,Europe,Eastern Europe,,home,,,7.0,,,12.0,,,,,144.0,96.0,24.0,,,something test,1.0,something visa,,,,,,,,,,,,,,,,,home,,,7,,,15,,,,72,,,24,,,something test,4,,
RU,RUS,Russia,Moscow,Europe,Eastern Europe,,home,,,7.0,,,12.0,,,,,144.0,96.0,24.0,,,something test,2.0,something visa,,,,,,,,,,,,,,,,,home,,,7,,,15,,,,72,,,24,,,something test,4,,
RW,RWA,Rwanda,Kigali,Africa,Eastern Africa,,home,,,7.0,,,12.0,,,,,144.0,96.0,24.0,,,something test,1.0,something visa,,,,,,,,,,,,,,,,,home,,,7,,,15,,,,72,,,24,,,something test,4,,
BL,BLM,Saint Barthélemy,Gustavia,Americas,Caribbean,,home,,,7.0,,,12.0,,,,,144.0,96.0,24.0,,,something test,1.0,something visa,,,,,,,,,,,,,,,,,home,,,7,,,15,,,,72,,,24,,,something test,4,,
SH,SHN,Saint Helena,Jamestown,Africa,Western Africa,,home,,,7.0,,,12.0,,,,,144.0,96.0,24.0,,,something test,2.0,something visa,,,,,,,,,,,,,,,,,home,,,7,,,15,,,,72,,,24,,,something test,4,,
KN,KNA,Saint Kitts and Nevis,Basseterre,Americas,Caribbean,,home,,,7.0,,,12.0,,,,,144.0,96.0,24.0,,,something test,3.0,something visa,,,,,,,,,,,,,,,,,home,,,7,,,15,,,,72,,,24,,,something test,4,,
LC,LCA,Saint Lucia,Castries,Americas,Caribbean,,home,,,7.0,,,12.0,,,,,144.0,96.0,24.0,,,something test,4.0,something visa,,,,,,,,,,,,,,,,,home,,,7,,,15,,,,72,,,24,,,something test,4,,
MF,MAF,Saint Martin,Marigot,Americas,Caribbean,,home,,,7.0,,,12.0,,,,,144.0,96.0,24.0,,,something test,4.0,something visa,,,,,,,,,,,,,,,,,home,,,7,,,15,,,,72,,,24,,,something test,4,,
PM,SPM,Saint Pierre and Miquelon,Saint-Pierre,Americas,Northern America,,home,,,7.0,,,12.0,,,,,144.0,96.0,24.0,,,something test,1.0,something visa,,,,,,,,,,,,,,,,,home,,,7,,,15,,,,72,,,24,,,something test,4,,
VC,VCT,Saint Vincent and the Grenadines,Kingstown,Americas,Caribbean,,home,,,7.0,,,12.0,,,,,144.0,96.0,24.0,,,something test,3.0,something visa,,,,,,,,,,,,,,,,,home,,,7,,,15,,,,72,,,24,,,something test,4,,
WS,WSM,Samoa,Apia,Oceania,Polynesia,,home,,,7.0,,,12.0,,,,,144.0,96.0,24.0,,,something test,2.0,something visa,,,,,,,,,,,,,,,,,home,,,7,,,15,,,,72,,,24,,,something test,4,,
SM,SMR,San Marino,City of San Marino,Europe,Southern Europe,,home,,,,5.0,10.0,12.0,,,,,144.0,96.0,24.0,,,something test,2.0,something visa,,,,,,,,,,,,,,,,,home,,,7,,,15,,,,72,,,24,,,something test,4,,
ST,STP,São Tomé and Príncipe,São Tomé,Africa,Middle Africa,,home,,,,5.0,10.0,12.0,,,,,144.0,96.0,24.0,,,something test,2.0,something visa,,,,,,,,,,,,,,,,,home,,,7,,,15,,,,72,,,24,,,something test,4,,
SA,SAU,Saudi Arabia,Riyadh,Asia,Western Asia,,home,,,,5.0,10.0,12.0,,,,,144.0,96.0,24.0,,,something test,1.0,something visa,,,,,,,,,,,,,,,,,home,,,7,,,15,,,,72,,,24,,,something test,4,,
SN,SEN,Senegal,Dakar,Africa,Western Africa,,home,,,,5.0,10.0,12.0,,,,,144.0,96.0,24.0,,,something test,1.0,something visa,,,,,,,,,,,,,,,,,home,,,7,,,15,,,,72,,,24,,,something test,4,,
RS,SRB,Serbia,Belgrade,Europe,Southern Europe,,home,,,,5.0,10.0,12.0,,,,,144.0,96.0,24.0,,,something test,2.0,something visa,,,,,,,,,,,,,,,,,home,,,7,,,15,,,,72,,,24,,,something test,4,,
SC,SYC,Seychelles,Victoria,Africa,Eastern Africa,,home,,,,5.0,10.0,12.0,,,,,144.0,96.0,24.0,,,something test,3.0,something visa,,,,,,,,,,,,,,,,,home,,,7,,,15,,,,72,,,24,,,something test,4,,
SL,SLE,Sierra Leone,Freetown,Africa,Western Africa,,home,,,,5.0,10.0,12.0,,,,,144.0,96.0,24.0,,,something test,4.0,something visa,,,,,,,,,,,,,,,,,home,,,7,,,15,,,,72,,,24,,,something test,4,,
SG,SGP,Singapore,Singapore,Asia,South-Eastern Asia,,home,,,,5.0,10.0,,7.0,12.0,,,144.0,96.0,24.0,,,something test,4.0,something visa,,,,,,,,,,,,,,,,,home,,,7,,,15,,,,72,,,24,,,something test,4,,
SX,SXM,Sint Maarten,Philipsburg,Americas,Caribbean,,home,,,,5.0,10.0,,7.0,12.0,,,144.0,96.0,24.0,,,something test,1.0,something visa,,,,,,,,,,,,,,,,,home,,,7,,,15,,,,72,,,24,,,something test,4,,
SK,SVK,Slovakia,Bratislava,Europe,Eastern Europe,,home,,,,5.0,10.0,,7.0,12.0,,,144.0,96.0,24.0,,,something test,3.0,something visa,,,,,,,,,,,,,,,,,home,,,7,,,15,,,,72,,,24,,,something test,4,,
SI,SVN,Slovenia,Ljubljana,Europe,Southern Europe,,home,,,,5.0,10.0,,7.0,12.0,,,144.0,96.0,24.0,,,something test,2.0,something visa,,,,,,,,,,,,,,,,,home,,,7,,,15,,,,72,,,24,,,something test,4,,
SB,SLB,Solomon Islands,Honiara,Oceania,Melanesia,,home,,,,5.0,10.0,,7.0,12.0,,,144.0,96.0,24.0,,,something test,2.0,something visa,,,,,,,,,,,,,,,,,home,,,7,,,15,,,,72,,,24,,,something test,4,,
SO,SOM,Somalia,Mogadishu,Africa,Eastern Africa,,home,,,,5.0,10.0,,7.0,12.0,,,144.0,96.0,24.0,,,something test,2.0,something visa,,,,,,,,,,,,,,,,,home,,,7,,,15,,,,72,,,24,,,something test,4,,
ZA,ZAF,South Africa,Pretoria,Africa,Southern Africa,,,home,hotel,,5.0,10.0,,7.0,12.0,,,144.0,96.0,24.0,,,something test,1.0,something visa,,,,,,,,,,,,,,,,,home,,,7,,,15,,,,72,,,24,,,something test,4,,
GS,SGS,South Georgia,King Edward Point,Americas,South America,,,home,hotel,,5.0,10.0,,7.0,12.0,,,144.0,96.0,24.0,,,something test,1.0,something visa,,,,,,,,,,,,,,,,,home,,,7,,,15,,,,72,,,24,,,something test,4,,
KR,KOR,South Korea,Seoul,Asia,Eastern Asia,,,home,hotel,,5.0,10.0,,7.0,12.0,,,144.0,96.0,24.0,,,something test,2.0,something visa,,,,,,,,,,,,,,,,,home,,,7,,,15,,,,72,,,24,,,something test,4,,
SS,SSD,South Sudan,Juba,Africa,Middle Africa,,,home,hotel,,5.0,10.0,,7.0,12.0,,,144.0,96.0,24.0,,,something test,3.0,something visa,,,,,,,,,,,,,,,,,home,,,7,,,15,,,,72,,,24,,,something test,4,,
ES,ESP,Spain,Madrid,Europe,Southern Europe,,,home,hotel,,5.0,10.0,,7.0,12.0,,,144.0,96.0,24.0,,,something test,4.0,something visa,,,,,,,,,,,,,,,,,home,,,7,,,15,,,,72,,,24,,,something test,4,,
LK,LKA,Sri Lanka,Colombo,Asia,Southern Asia,,,home,hotel,,5.0,10.0,,7.0,12.0,,,144.0,96.0,24.0,,,something test,4.0,something visa,,,,,,,,,,,,,,,,,home,,,7,,,15,,,,72,,,24,,,something test,4,,
SD,SDN,Sudan,Khartoum,Africa,Northern Africa,,,home,hotel,,5.0,10.0,,7.0,12.0,,,144.0,96.0,24.0,,,,1.0,something visa,,,,,,,,,,,,,,,,,home,,,7,,,15,,,,72,,,24,,,something test,4,,
SR,SUR,Suriname,Paramaribo,Americas,South America,,,home,hotel,,5.0,10.0,,7.0,12.0,,,144.0,96.0,24.0,,,,3.0,something visa,,,,,,,,,,,,,,,,,home,,,7,,,15,,,,72,,,24,,,something test,4,,
SJ,SJM,Svalbard and Jan Mayen,Longyearbyen,Europe,Northern Europe,,,home,hotel,,5.0,10.0,,7.0,12.0,,,144.0,96.0,24.0,,,,2.0,something visa,,,,,,,,,,,,,,,,,home,,,7,,,15,,,,72,,,24,,,something test,4,,
SZ,SWZ,Swaziland,Lobamba,Africa,Southern Africa,,,home,hotel,,5.0,10.0,,7.0,12.0,,,144.0,96.0,24.0,,,,2.0,something visa,,,,,,,,,,,,,,,,,home,,,7,,,15,,,,72,,,24,,,something test,4,,
SE,SWE,Sweden,Stockholm,Europe,Northern Europe,,,home,hotel,,5.0,10.0,,7.0,12.0,something quara,72.0,,,,,,,2.0,something visa,,,,,,,,,,,,,,,,,home,,,7,,,15,,,,72,,,24,,,something test,4,,
CH,CHE,Switzerland,Bern,Europe,Western Europe,,,home,hotel,,5.0,10.0,,7.0,12.0,something quara,72.0,,,,,,,1.0,something visa,,,,,,,,,,,,,,,,,home,,,7,,,15,,,,72,,,24,,,something test,4,,
SY,SYR,Syria,Damascus,Asia,Western Asia,,,home,hotel,,5.0,10.0,,7.0,12.0,something quara,72.0,,,,,,,1.0,something visa,,,,,,,,,,,,,,,,,home,,,7,,,15,,,,72,,,24,,,something test,4,,
TW,TWN,Taiwan,Taipei,Asia,Eastern Asia,,,home,hotel,,5.0,10.0,,7.0,12.0,something quara,72.0,,,,,,,1.0,something visa,,,,,,,,,,,,,,,,,home,,,7,,,15,,,,72,,,24,,,something test,4,,
TJ,TJK,Tajikistan,Dushanbe,Asia,Central Asia,,,home,hotel,7.0,,,,7.0,12.0,something quara,72.0,,,,,,,2.0,something visa,,,,,,,,,,,,,,,,,home,,,7,,,15,,,,72,,,24,,,something test,4,,
TZ,TZA,Tanzania,Dodoma,Africa,Eastern Africa,,,home,hotel,7.0,,,,7.0,12.0,something quara,72.0,,,,,,,3.0,something visa,,,,,,,,,,,,,,,,,home,,,7,,,15,,,,72,,,24,,,something test,4,,
TH,THA,Thailand,Bangkok,Asia,South-Eastern Asia,,,home,hotel,7.0,,,,7.0,12.0,something quara,72.0,,,,,,,4.0,something visa,,,,,,,,,,,,,,,,,home,,,7,,,15,,,,72,,,24,,,something test,4,,
TL,TLS,East Timor,Dili,Asia,South-Eastern Asia,,,home,hotel,7.0,,,,7.0,12.0,something quara,72.0,,,,,,,4.0,something visa,,,,,,,,,,,,,,,,,home,,,7,,,15,,,,72,,,24,,,something test,4,,
TG,TGO,Togo,Lomé,Africa,Western Africa,,,home,hotel,7.0,,,,7.0,12.0,something quara,72.0,,,,,,,1.0,something visa,,,,,,,,,,,,,,,,,home,,,7,,,15,,,,72,,,24,,,something test,4,,
TK,TKL,Tokelau,Fakaofo,Oceania,Polynesia,,,home,hotel,7.0,,,,7.0,12.0,something quara,72.0,,,,,,,3.0,something visa,,,,,,,,,,,,,,,,,home,,,7,,,15,,,,72,,,24,,,something test,4,,
TO,TON,Tonga,Nuku'alofa,Oceania,Polynesia,,,home,hotel,7.0,,,,7.0,12.0,something quara,72.0,,,,,,,2.0,something visa,,,,,,,,,,,,,,,,,home,,,7,,,15,,,,72,,,24,,,something test,4,,
TT,TTO,Trinidad and Tobago,Port of Spain,Americas,Caribbean,,,home,hotel,7.0,,,,7.0,12.0,something quara,72.0,,,,,,,2.0,something visa,,,,,,,,,,,,,,,,,home,,,7,,,15,,,,72,,,24,,,something test,4,,
TN,TUN,Tunisia,Tunis,Africa,Northern Africa,,,home,hotel,7.0,,,,7.0,12.0,something quara,72.0,,,,,,,2.0,something visa,,,,,,,,,,,,,,,,,home,,,7,,,15,,,,72,,,24,,,something test,4,,
TR,TUR,Turkey,Ankara,Asia,Western Asia,,,home,hotel,7.0,,,,7.0,12.0,something quara,72.0,,,,,,,1.0,something visa,,,,,,,,,,,,,,,,,home,,,7,,,15,,,,72,,,24,,,something test,4,,
TM,TKM,Turkmenistan,Ashgabat,Asia,Central Asia,,,home,hotel,7.0,,,,7.0,12.0,something quara,72.0,,,,,,,1.0,something visa,,,,,,,,,,,,,,,,,home,,,7,,,15,,,,72,,,24,,,something test,4,,
TC,TCA,Turks and Caicos Islands,Cockburn Town,Americas,Caribbean,,,home,hotel,7.0,,,,7.0,12.0,something quara,72.0,,,,,,,2.0,something visa,,,,,,,,,,,,,,,,,home,,,7,,,15,,,,72,,,24,,,something test,4,,
TV,TUV,Tuvalu,Funafuti,Oceania,Polynesia,,,home,hotel,7.0,,,,7.0,12.0,something quara,72.0,,,,,,,3.0,something visa,,,,,,,,,,,,,,,,,home,,,7,,,15,,,,72,,,24,,,something test,4,,
UG,UGA,Uganda,Kampala,Africa,Eastern Africa,,,home,hotel,7.0,,,,7.0,12.0,something quara,72.0,,,,,,,4.0,something visa,,,,,,,,,,,,,,,,,home,,,7,,,15,,,,72,,,24,,,something test,4,,
UA,UKR,Ukraine,Kiev,Europe,Eastern Europe,,,home,hotel,7.0,,,,7.0,12.0,something quara,72.0,,,,,,,4.0,,,,,,,,,,,,,,,,,,home,,,7,,,15,,,,72,,,24,,,something test,4,,
AE,ARE,United Arab Emirates,Abu Dhabi,Asia,Western Asia,,,home,hotel,7.0,,,,7.0,12.0,something quara,,144.0,96.0,,,,,1.0,,,,,,,,,,,,,,,,,,home,,,7,,,15,,,,72,,,24,,,something test,4,,
GB,GBR,United Kingdom,London,Europe,Northern Europe,,,home,hotel,7.0,,,,7.0,12.0,something quara,,144.0,96.0,,,,,3.0,,,,,,,,,,,,,,,,,,home,,,7,,,15,,,,72,,,24,,,something test,4,,
US,USA,United States,"Washington, D.C.",Americas,Northern America,,,home,hotel,7.0,,,,7.0,12.0,something quara,,144.0,96.0,,,,,1.0,,,,,,,,,,,,,,,,,,home,,,7,,,15,,,,72,,,24,,,something test,4,,
UY,URY,Uruguay,Montevideo,Americas,South America,,,home,hotel,7.0,,,,7.0,12.0,something quara,,144.0,96.0,,,,,2.0,,,,,,,,,,,,,,,,,,home,,,7,,,15,,,,72,,,24,,,something test,4,,
UZ,UZB,Uzbekistan,Tashkent,Asia,Central Asia,,,home,hotel,7.0,,,,7.0,12.0,,,,,,,,,3.0,,,,,,,,,,,,,,,,,,home,,,7,,,15,,,,72,,,24,,,something test,4,,
VU,VUT,Vanuatu,Port Vila,Oceania,Melanesia,,,home,hotel,7.0,,,,7.0,12.0,,,,,,,,,4.0,,,,,,,,,,,,,,,,,,home,,,7,,,15,,,,72,,,24,,,something test,4,,
VE,VEN,Venezuela,Caracas,Americas,South America,,,home,hotel,7.0,,,,7.0,12.0,,,,,,,,,4.0,,,,,,,,,,,,,,,,,,home,,,7,,,15,,,,72,,,24,,,something test,4,,
VN,VNM,Vietnam,Hanoi,Asia,South-Eastern Asia,,,,,,,,,,,something quara,,144.0,96.0,,,,VN-->GQ,1.0,,,,,,,,,,,,,,,,,,home,,,7,,,15,,,,72,,,24,,,something test,4,,
WF,WLF,Wallis and Futuna,Mata-Utu,Oceania,Polynesia,,,,,,,,,,,something quara,,144.0,96.0,,,,WF-->GQ,3.0,,,,,,,,,,,,,,,,,,home,,,7,,,15,,,,72,,,24,,,something test,4,,
EH,ESH,Western Sahara,El Aaiún,Africa,Northern Africa,,,,,,,,,,,something quara,,144.0,96.0,,,,EH-->GQ,2.0,,,,,,,,,,,,,,,,,,home,,,7,,,15,,,,72,,,24,,,something test,4,,
YE,YEM,Yemen,Sana'a,Asia,Western Asia,,,,,,,,,,,,,,,,,,,,,,,,,,,,,,,,,,,,,home,,,7,,,15,,,,72,,,24,,,something test,4,,
ZM,ZMB,Zambia,Lusaka,Africa,Eastern Africa,,,,,,,,,,,,,,,,,,,,,,,,,,,,,,,,,,,,,home,,,7,,,15,,,,72,,,24,,,something test,4,,
ZW,ZWE,Zimbabwe,Harare,Africa,Eastern Africa,,,,,,,,,,,,,,,,,,,,,,,,,,,,,,,,,,,,,home,,,7,,,15,,,,72,,,24,,,something test,4,,
