nu,code,name,capital,region,subregion,Unnamed: 6,quara/into/where/e,quara/into/where/v,quara/into/where/uv,quara/into/min/e,quara/into/min/v,quara/into/min/uv,quara/into/max/e,quara/into/max/v,quara/into/max/uv,quara/into/comment,test/into/pcr/e,test/into/pcr/v,test/into/pcr/uv,test/into/ag/e,test/into/ag/v,test/into/ag/uv,test/into/comment,visa/into,visa/into/comment,loadStates/into,Unnamed: 27,Unnamed: 28,Unnamed: 29,Unnamed: 30,Unnamed: 31,Unnamed: 32,Unnamed: 33,Unnamed: 34,Unnamed: 35,Unnamed: 36,Unnamed: 37,Unnamed: 38,Unnamed: 39,Unnamed: 40,Unnamed: 41,quara/out/where/e,quara/out/where/v,quara/out/where/uv,quara/out/min/e,quara/out/min/v,quara/out/min/uv,quara/out/max/e,quara/out/max/v,quara/out/max/uv,quara/out/comment,test/out/pcr/e,test/out/pcr/v,test/out/pcr/uv,test/out/ag/e,test/out/ag/v,test/out/ag/uv,test/out/comment,visa/out,visa/out/comment
AF,AFG,Afghanistan,Kabul,Asia,Southern Asia,,AF-->TL,AF-->TL,AF-->TL,AF-->TL,AF-->TL,AF-->TL,AF-->TL,AF-->TL,AF-->TL,AF-->TL,AF-->TL,AF-->TL,AF-->TL,AF-->TL,AF-->TL,AF-->TL,AF-->TL,AF-->TL,AF-->TL,,,,,,,,,,,,,,,,,TL-->AF,TL-->AF,TL-->AF,TL-->AF,TL-->AF,TL-->AF,TL-->AF,TL-->AF,TL-->AF,TL-->AF,TL-->AF,TL-->AF,TL-->AF,TL-->AF,TL-->AF,TL-->AF,TL-->AF,TL-->AF,TL-->AF
AX,ALA,Åland Islands,Mariehamn,Europe,Northern Europe,,AX-->TL,AX-->TL,AX-->TL,AX-->TL,AX-->TL,AX-->TL,AX-->TL,AX-->TL,AX-->TL,AX-->TL,AX-->TL,AX-->TL,AX-->TL,AX-->TL,AX-->TL,AX-->TL,AX-->TL,AX-->TL,AX-->TL,,,,,,,,,,,,,,,,,TL-->AX,TL-->AX,TL-->AX,TL-->AX,TL-->AX,TL-->AX,TL-->AX,TL-->AX,TL-->AX,TL-->AX,TL-->AX,TL-->AX,TL-->AX,TL-->AX,TL-->AX,TL-->AX,TL-->AX,TL-->AX,TL-->AX
AL,ALB,Albania,Tirana,Europe,Southern Europe,,AL-->TL,AL-->TL,AL-->TL,AL-->TL,AL-->TL,AL-->TL,AL-->TL,AL-->TL,AL-->TL,AL-->TL,AL-->TL,AL-->TL,AL-->TL,AL-->TL,AL-->TL,AL-->TL,AL-->TL,AL-->TL,AL-->TL,,,,,,,,,,,,,,,,,TL-->AL,TL-->AL,TL-->AL,TL-->AL,TL-->AL,TL-->AL,TL-->AL,TL-->AL,TL-->AL,TL-->AL,TL-->AL,TL-->AL,TL-->AL,TL-->AL,TL-->AL,TL-->AL,TL-->AL,TL-->AL,TL-->AL
DZ,DZA,Algeria,Algiers,Africa,Northern Africa,,DZ-->TL,DZ-->TL,DZ-->TL,DZ-->TL,DZ-->TL,DZ-->TL,DZ-->TL,DZ-->TL,DZ-->TL,DZ-->TL,DZ-->TL,DZ-->TL,DZ-->TL,DZ-->TL,DZ-->TL,DZ-->TL,DZ-->TL,DZ-->TL,DZ-->TL,,,,,,,,,,,,,,,,,TL-->DZ,TL-->DZ,TL-->DZ,TL-->DZ,TL-->DZ,TL-->DZ,TL-->DZ,TL-->DZ,TL-->DZ,TL-->DZ,TL-->DZ,TL-->DZ,TL-->DZ,TL-->DZ,TL-->DZ,TL-->DZ,TL-->DZ,TL-->DZ,TL-->DZ
AS,ASM,American Samoa,Pago Pago,Oceania,Polynesia,,AS-->TL,AS-->TL,AS-->TL,AS-->TL,AS-->TL,AS-->TL,AS-->TL,AS-->TL,AS-->TL,AS-->TL,AS-->TL,AS-->TL,AS-->TL,AS-->TL,AS-->TL,AS-->TL,AS-->TL,AS-->TL,AS-->TL,,,,,,,,,,,,,,,,,TL-->AS,TL-->AS,TL-->AS,TL-->AS,TL-->AS,TL-->AS,TL-->AS,TL-->AS,TL-->AS,TL-->AS,TL-->AS,TL-->AS,TL-->AS,TL-->AS,TL-->AS,TL-->AS,TL-->AS,TL-->AS,TL-->AS
AD,AND,Andorra,Andorra la Vella,Europe,Southern Europe,,AD-->TL,AD-->TL,AD-->TL,AD-->TL,AD-->TL,AD-->TL,AD-->TL,AD-->TL,AD-->TL,AD-->TL,AD-->TL,AD-->TL,AD-->TL,AD-->TL,AD-->TL,AD-->TL,AD-->TL,AD-->TL,AD-->TL,,,,,,,,,,,,,,,,,TL-->AD,TL-->AD,TL-->AD,TL-->AD,TL-->AD,TL-->AD,TL-->AD,TL-->AD,TL-->AD,TL-->AD,TL-->AD,TL-->AD,TL-->AD,TL-->AD,TL-->AD,TL-->AD,TL-->AD,TL-->AD,TL-->AD
AO,AGO,Angola,Luanda,Africa,Middle Africa,,AO-->TL,AO-->TL,AO-->TL,AO-->TL,AO-->TL,AO-->TL,AO-->TL,AO-->TL,AO-->TL,AO-->TL,AO-->TL,AO-->TL,AO-->TL,AO-->TL,AO-->TL,AO-->TL,AO-->TL,AO-->TL,AO-->TL,,,,,,,,,,,,,,,,,TL-->AO,TL-->AO,TL-->AO,TL-->AO,TL-->AO,TL-->AO,TL-->AO,TL-->AO,TL-->AO,TL-->AO,TL-->AO,TL-->AO,TL-->AO,TL-->AO,TL-->AO,TL-->AO,TL-->AO,TL-->AO,TL-->AO
AI,AIA,Anguilla,The Valley,Americas,Caribbean,,AI-->TL,AI-->TL,AI-->TL,AI-->TL,AI-->TL,AI-->TL,AI-->TL,AI-->TL,AI-->TL,AI-->TL,AI-->TL,AI-->TL,AI-->TL,AI-->TL,AI-->TL,AI-->TL,AI-->TL,AI-->TL,AI-->TL,,,,,,,,,,,,,,,,,TL-->AI,TL-->AI,TL-->AI,TL-->AI,TL-->AI,TL-->AI,TL-->AI,TL-->AI,TL-->AI,TL-->AI,TL-->AI,TL-->AI,TL-->AI,TL-->AI,TL-->AI,TL-->AI,TL-->AI,TL-->AI,TL-->AI
AQ,ATA,Antarctica,,Polar,,,AQ-->TL,AQ-->TL,AQ-->TL,AQ-->TL,AQ-->TL,AQ-->TL,AQ-->TL,AQ-->TL,AQ-->TL,AQ-->TL,AQ-->TL,AQ-->TL,AQ-->TL,AQ-->TL,AQ-->TL,AQ-->TL,AQ-->TL,AQ-->TL,AQ-->TL,,,,,,,,,,,,,,,,,TL-->AQ,TL-->AQ,TL-->AQ,TL-->AQ,TL-->AQ,TL-->AQ,TL-->AQ,TL-->AQ,TL-->AQ,TL-->AQ,TL-->AQ,TL-->AQ,TL-->AQ,TL-->AQ,TL-->AQ,TL-->AQ,TL-->AQ,TL-->AQ,TL-->AQ
AG,ATG,Antigua and Barbuda,Saint John's,Americas,Caribbean,,AG-->TL,AG-->TL,AG-->TL,AG-->TL,AG-->TL,AG-->TL,AG-->TL,AG-->TL,AG-->TL,AG-->TL,AG-->TL,AG-->TL,AG-->TL,AG-->TL,AG-->TL,AG-->TL,AG-->TL,AG-->TL,AG-->TL,,,,,,,,,,,,,,,,,TL-->AG,TL-->AG,TL-->AG,TL-->AG,TL-->AG,TL-->AG,TL-->AG,TL-->AG,TL-->AG,TL-->AG,TL-->AG,TL-->AG,TL-->AG,TL-->AG,TL-->AG,TL-->AG,TL-->AG,TL-->AG,TL-->AG
AR,ARG,Argentina,Buenos Aires,Americas,South America,,AR-->TL,AR-->TL,AR-->TL,AR-->TL,AR-->TL,AR-->TL,AR-->TL,AR-->TL,AR-->TL,AR-->TL,AR-->TL,AR-->TL,AR-->TL,AR-->TL,AR-->TL,AR-->TL,AR-->TL,AR-->TL,AR-->TL,,,,,,,,,,,,,,,,,TL-->AR,TL-->AR,TL-->AR,TL-->AR,TL-->AR,TL-->AR,TL-->AR,TL-->AR,TL-->AR,TL-->AR,TL-->AR,TL-->AR,TL-->AR,TL-->AR,TL-->AR,TL-->AR,TL-->AR,TL-->AR,TL-->AR
AM,ARM,Armenia,Yerevan,Asia,Western Asia,,AM-->TL,AM-->TL,AM-->TL,AM-->TL,AM-->TL,AM-->TL,AM-->TL,AM-->TL,AM-->TL,AM-->TL,AM-->TL,AM-->TL,AM-->TL,AM-->TL,AM-->TL,AM-->TL,AM-->TL,AM-->TL,AM-->TL,,,,,,,,,,,,,,,,,TL-->AM,TL-->AM,TL-->AM,TL-->AM,TL-->AM,TL-->AM,TL-->AM,TL-->AM,TL-->AM,TL-->AM,TL-->AM,TL-->AM,TL-->AM,TL-->AM,TL-->AM,TL-->AM,TL-->AM,TL-->AM,TL-->AM
AW,ABW,Aruba,Oranjestad,Americas,Caribbean,,AW-->TL,AW-->TL,AW-->TL,AW-->TL,AW-->TL,AW-->TL,AW-->TL,AW-->TL,AW-->TL,AW-->TL,AW-->TL,AW-->TL,AW-->TL,AW-->TL,AW-->TL,AW-->TL,AW-->TL,AW-->TL,AW-->TL,,,,,,,,,,,,,,,,,TL-->AW,TL-->AW,TL-->AW,TL-->AW,TL-->AW,TL-->AW,TL-->AW,TL-->AW,TL-->AW,TL-->AW,TL-->AW,TL-->AW,TL-->AW,TL-->AW,TL-->AW,TL-->AW,TL-->AW,TL-->AW,TL-->AW
AU,AUS,Australia,Canberra,Oceania,Australia and New Zealand,,AU-->TL,AU-->TL,AU-->TL,AU-->TL,AU-->TL,AU-->TL,AU-->TL,AU-->TL,AU-->TL,AU-->TL,AU-->TL,AU-->TL,AU-->TL,AU-->TL,AU-->TL,AU-->TL,AU-->TL,AU-->TL,AU-->TL,,,,,,,,,,,,,,,,,TL-->AU,TL-->AU,TL-->AU,TL-->AU,TL-->AU,TL-->AU,TL-->AU,TL-->AU,TL-->AU,TL-->AU,TL-->AU,TL-->AU,TL-->AU,TL-->AU,TL-->AU,TL-->AU,TL-->AU,TL-->AU,TL-->AU
AT,AUT,Austria,Vienna,Europe,Western Europe,,AT-->TL,AT-->TL,AT-->TL,AT-->TL,AT-->TL,AT-->TL,AT-->TL,AT-->TL,AT-->TL,AT-->TL,AT-->TL,AT-->TL,AT-->TL,AT-->TL,AT-->TL,AT-->TL,AT-->TL,AT-->TL,AT-->TL,,,,,,,,,,,,,,,,,TL-->AT,TL-->AT,TL-->AT,TL-->AT,TL-->AT,TL-->AT,TL-->AT,TL-->AT,TL-->AT,TL-->AT,TL-->AT,TL-->AT,TL-->AT,TL-->AT,TL-->AT,TL-->AT,TL-->AT,TL-->AT,TL-->AT
AZ,AZE,Azerbaijan,Baku,Asia,Western Asia,,AZ-->TL,AZ-->TL,AZ-->TL,AZ-->TL,AZ-->TL,AZ-->TL,AZ-->TL,AZ-->TL,AZ-->TL,AZ-->TL,AZ-->TL,AZ-->TL,AZ-->TL,AZ-->TL,AZ-->TL,AZ-->TL,AZ-->TL,AZ-->TL,AZ-->TL,,,,,,,,,,,,,,,,,TL-->AZ,TL-->AZ,TL-->AZ,TL-->AZ,TL-->AZ,TL-->AZ,TL-->AZ,TL-->AZ,TL-->AZ,TL-->AZ,TL-->AZ,TL-->AZ,TL-->AZ,TL-->AZ,TL-->AZ,TL-->AZ,TL-->AZ,TL-->AZ,TL-->AZ
BS,BHS,The Bahamas,Nassau,Americas,Caribbean,,BS-->TL,BS-->TL,BS-->TL,BS-->TL,BS-->TL,BS-->TL,BS-->TL,BS-->TL,BS-->TL,BS-->TL,BS-->TL,BS-->TL,BS-->TL,BS-->TL,BS-->TL,BS-->TL,BS-->TL,BS-->TL,BS-->TL,,,,,,,,,,,,,,,,,TL-->BS,TL-->BS,TL-->BS,TL-->BS,TL-->BS,TL-->BS,TL-->BS,TL-->BS,TL-->BS,TL-->BS,TL-->BS,TL-->BS,TL-->BS,TL-->BS,TL-->BS,TL-->BS,TL-->BS,TL-->BS,TL-->BS
BH,BHR,Bahrain,Manama,Asia,Western Asia,,BH-->TL,BH-->TL,BH-->TL,BH-->TL,BH-->TL,BH-->TL,BH-->TL,BH-->TL,BH-->TL,BH-->TL,BH-->TL,BH-->TL,BH-->TL,BH-->TL,BH-->TL,BH-->TL,BH-->TL,BH-->TL,BH-->TL,,,,,,,,,,,,,,,,,TL-->BH,TL-->BH,TL-->BH,TL-->BH,TL-->BH,TL-->BH,TL-->BH,TL-->BH,TL-->BH,TL-->BH,TL-->BH,TL-->BH,TL-->BH,TL-->BH,TL-->BH,TL-->BH,TL-->BH,TL-->BH,TL-->BH
BD,BGD,Bangladesh,Dhaka,Asia,Southern Asia,,BD-->TL,BD-->TL,BD-->TL,BD-->TL,BD-->TL,BD-->TL,BD-->TL,BD-->TL,BD-->TL,BD-->TL,BD-->TL,BD-->TL,BD-->TL,BD-->TL,BD-->TL,BD-->TL,BD-->TL,BD-->TL,BD-->TL,,,,,,,,,,,,,,,,,TL-->BD,TL-->BD,TL-->BD,TL-->BD,TL-->BD,TL-->BD,TL-->BD,TL-->BD,TL-->BD,TL-->BD,TL-->BD,TL-->BD,TL-->BD,TL-->BD,TL-->BD,TL-->BD,TL-->BD,TL-->BD,TL-->BD
BB,BRB,Barbados,Bridgetown,Americas,Caribbean,,BB-->TL,BB-->TL,BB-->TL,BB-->TL,BB-->TL,BB-->TL,BB-->TL,BB-->TL,BB-->TL,BB-->TL,BB-->TL,BB-->TL,BB-->TL,BB-->TL,BB-->TL,BB-->TL,BB-->TL,BB-->TL,BB-->TL,,,,,,,,,,,,,,,,,TL-->BB,TL-->BB,TL-->BB,TL-->BB,TL-->BB,TL-->BB,TL-->BB,TL-->BB,TL-->BB,TL-->BB,TL-->BB,TL-->BB,TL-->BB,TL-->BB,TL-->BB,TL-->BB,TL-->BB,TL-->BB,TL-->BB
BY,BLR,Belarus,Minsk,Europe,Eastern Europe,,BY-->TL,BY-->TL,BY-->TL,BY-->TL,BY-->TL,BY-->TL,BY-->TL,BY-->TL,BY-->TL,BY-->TL,BY-->TL,BY-->TL,BY-->TL,BY-->TL,BY-->TL,BY-->TL,BY-->TL,BY-->TL,BY-->TL,,,,,,,,,,,,,,,,,TL-->BY,TL-->BY,TL-->BY,TL-->BY,TL-->BY,TL-->BY,TL-->BY,TL-->BY,TL-->BY,TL-->BY,TL-->BY,TL-->BY,TL-->BY,TL-->BY,TL-->BY,TL-->BY,TL-->BY,TL-->BY,TL-->BY
BE,BEL,Belgium,Brussels,Europe,Western Europe,,BE-->TL,BE-->TL,BE-->TL,BE-->TL,BE-->TL,BE-->TL,BE-->TL,BE-->TL,BE-->TL,BE-->TL,BE-->TL,BE-->TL,BE-->TL,BE-->TL,BE-->TL,BE-->TL,BE-->TL,BE-->TL,BE-->TL,,,,,,,,,,,,,,,,,TL-->BE,TL-->BE,TL-->BE,TL-->BE,TL-->BE,TL-->BE,TL-->BE,TL-->BE,TL-->BE,TL-->BE,TL-->BE,TL-->BE,TL-->BE,TL-->BE,TL-->BE,TL-->BE,TL-->BE,TL-->BE,TL-->BE
BZ,BLZ,Belize,Belmopan,Americas,Central America,,BZ-->TL,BZ-->TL,BZ-->TL,BZ-->TL,BZ-->TL,BZ-->TL,BZ-->TL,BZ-->TL,BZ-->TL,BZ-->TL,BZ-->TL,BZ-->TL,BZ-->TL,BZ-->TL,BZ-->TL,BZ-->TL,BZ-->TL,BZ-->TL,BZ-->TL,,,,,,,,,,,,,,,,,TL-->BZ,TL-->BZ,TL-->BZ,TL-->BZ,TL-->BZ,TL-->BZ,TL-->BZ,TL-->BZ,TL-->BZ,TL-->BZ,TL-->BZ,TL-->BZ,TL-->BZ,TL-->BZ,TL-->BZ,TL-->BZ,TL-->BZ,TL-->BZ,TL-->BZ
BJ,BEN,Benin,Porto-Novo,Africa,Western Africa,,BJ-->TL,BJ-->TL,BJ-->TL,BJ-->TL,BJ-->TL,BJ-->TL,BJ-->TL,BJ-->TL,BJ-->TL,BJ-->TL,BJ-->TL,BJ-->TL,BJ-->TL,BJ-->TL,BJ-->TL,BJ-->TL,BJ-->TL,BJ-->TL,BJ-->TL,,,,,,,,,,,,,,,,,TL-->BJ,TL-->BJ,TL-->BJ,TL-->BJ,TL-->BJ,TL-->BJ,TL-->BJ,TL-->BJ,TL-->BJ,TL-->BJ,TL-->BJ,TL-->BJ,TL-->BJ,TL-->BJ,TL-->BJ,TL-->BJ,TL-->BJ,TL-->BJ,TL-->BJ
BM,BMU,Bermuda,Hamilton,Americas,Northern America,,BM-->TL,BM-->TL,BM-->TL,BM-->TL,BM-->TL,BM-->TL,BM-->TL,BM-->TL,BM-->TL,BM-->TL,BM-->TL,BM-->TL,BM-->TL,BM-->TL,BM-->TL,BM-->TL,BM-->TL,BM-->TL,BM-->TL,,,,,,,,,,,,,,,,,TL-->BM,TL-->BM,TL-->BM,TL-->BM,TL-->BM,TL-->BM,TL-->BM,TL-->BM,TL-->BM,TL-->BM,TL-->BM,TL-->BM,TL-->BM,TL-->BM,TL-->BM,TL-->BM,TL-->BM,TL-->BM,TL-->BM
BT,BTN,Bhutan,Thimphu,Asia,Southern Asia,,BT-->TL,BT-->TL,BT-->TL,BT-->TL,BT-->TL,BT-->TL,BT-->TL,BT-->TL,BT-->TL,BT-->TL,BT-->TL,BT-->TL,BT-->TL,BT-->TL,BT-->TL,BT-->TL,BT-->TL,BT-->TL,BT-->TL,,,,,,,,,,,,,,,,,TL-->BT,TL-->BT,TL-->BT,TL-->BT,TL-->BT,TL-->BT,TL-->BT,TL-->BT,TL-->BT,TL-->BT,TL-->BT,TL-->BT,TL-->BT,TL-->BT,TL-->BT,TL-->BT,TL-->BT,TL-->BT,TL-->BT
BO,BOL,Bolivia,Sucre,Americas,South America,,BO-->TL,BO-->TL,BO-->TL,BO-->TL,BO-->TL,BO-->TL,BO-->TL,BO-->TL,BO-->TL,BO-->TL,BO-->TL,BO-->TL,BO-->TL,BO-->TL,BO-->TL,BO-->TL,BO-->TL,BO-->TL,BO-->TL,,,,,,,,,,,,,,,,,TL-->BO,TL-->BO,TL-->BO,TL-->BO,TL-->BO,TL-->BO,TL-->BO,TL-->BO,TL-->BO,TL-->BO,TL-->BO,TL-->BO,TL-->BO,TL-->BO,TL-->BO,TL-->BO,TL-->BO,TL-->BO,TL-->BO
BQ,BES,Bonaire,Kralendijk,Americas,Caribbean,,BQ-->TL,BQ-->TL,BQ-->TL,BQ-->TL,BQ-->TL,BQ-->TL,BQ-->TL,BQ-->TL,BQ-->TL,BQ-->TL,BQ-->TL,BQ-->TL,BQ-->TL,BQ-->TL,BQ-->TL,BQ-->TL,BQ-->TL,BQ-->TL,BQ-->TL,,,,,,,,,,,,,,,,,TL-->BQ,TL-->BQ,TL-->BQ,TL-->BQ,TL-->BQ,TL-->BQ,TL-->BQ,TL-->BQ,TL-->BQ,TL-->BQ,TL-->BQ,TL-->BQ,TL-->BQ,TL-->BQ,TL-->BQ,TL-->BQ,TL-->BQ,TL-->BQ,TL-->BQ
BA,BIH,Bosnia and Herzegovina,Sarajevo,Europe,Southern Europe,,BA-->TL,BA-->TL,BA-->TL,BA-->TL,BA-->TL,BA-->TL,BA-->TL,BA-->TL,BA-->TL,BA-->TL,BA-->TL,BA-->TL,BA-->TL,BA-->TL,BA-->TL,BA-->TL,BA-->TL,BA-->TL,BA-->TL,,,,,,,,,,,,,,,,,TL-->BA,TL-->BA,TL-->BA,TL-->BA,TL-->BA,TL-->BA,TL-->BA,TL-->BA,TL-->BA,TL-->BA,TL-->BA,TL-->BA,TL-->BA,TL-->BA,TL-->BA,TL-->BA,TL-->BA,TL-->BA,TL-->BA
BW,BWA,Botswana,Gaborone,Africa,Southern Africa,,BW-->TL,BW-->TL,BW-->TL,BW-->TL,BW-->TL,BW-->TL,BW-->TL,BW-->TL,BW-->TL,BW-->TL,BW-->TL,BW-->TL,BW-->TL,BW-->TL,BW-->TL,BW-->TL,BW-->TL,BW-->TL,BW-->TL,,,,,,,,,,,,,,,,,TL-->BW,TL-->BW,TL-->BW,TL-->BW,TL-->BW,TL-->BW,TL-->BW,TL-->BW,TL-->BW,TL-->BW,TL-->BW,TL-->BW,TL-->BW,TL-->BW,TL-->BW,TL-->BW,TL-->BW,TL-->BW,TL-->BW
BV,BVT,Bouvet Island,,,,,BV-->TL,BV-->TL,BV-->TL,BV-->TL,BV-->TL,BV-->TL,BV-->TL,BV-->TL,BV-->TL,BV-->TL,BV-->TL,BV-->TL,BV-->TL,BV-->TL,BV-->TL,BV-->TL,BV-->TL,BV-->TL,BV-->TL,,,,,,,,,,,,,,,,,TL-->BV,TL-->BV,TL-->BV,TL-->BV,TL-->BV,TL-->BV,TL-->BV,TL-->BV,TL-->BV,TL-->BV,TL-->BV,TL-->BV,TL-->BV,TL-->BV,TL-->BV,TL-->BV,TL-->BV,TL-->BV,TL-->BV
BR,BRA,Brazil,Brasília,Americas,South America,,BR-->TL,BR-->TL,BR-->TL,BR-->TL,BR-->TL,BR-->TL,BR-->TL,BR-->TL,BR-->TL,BR-->TL,BR-->TL,BR-->TL,BR-->TL,BR-->TL,BR-->TL,BR-->TL,BR-->TL,BR-->TL,BR-->TL,,,,,,,,,,,,,,,,,TL-->BR,TL-->BR,TL-->BR,TL-->BR,TL-->BR,TL-->BR,TL-->BR,TL-->BR,TL-->BR,TL-->BR,TL-->BR,TL-->BR,TL-->BR,TL-->BR,TL-->BR,TL-->BR,TL-->BR,TL-->BR,TL-->BR
IO,IOT,British Indian Ocean Territory,Diego Garcia,Africa,Eastern Africa,,IO-->TL,IO-->TL,IO-->TL,IO-->TL,IO-->TL,IO-->TL,IO-->TL,IO-->TL,IO-->TL,IO-->TL,IO-->TL,IO-->TL,IO-->TL,IO-->TL,IO-->TL,IO-->TL,IO-->TL,IO-->TL,IO-->TL,,,,,,,,,,,,,,,,,TL-->IO,TL-->IO,TL-->IO,TL-->IO,TL-->IO,TL-->IO,TL-->IO,TL-->IO,TL-->IO,TL-->IO,TL-->IO,TL-->IO,TL-->IO,TL-->IO,TL-->IO,TL-->IO,TL-->IO,TL-->IO,TL-->IO
UM,UMI,United States Minor Outlying Islands,,Americas,Northern America,,UM-->TL,UM-->TL,UM-->TL,UM-->TL,UM-->TL,UM-->TL,UM-->TL,UM-->TL,UM-->TL,UM-->TL,UM-->TL,UM-->TL,UM-->TL,UM-->TL,UM-->TL,UM-->TL,UM-->TL,UM-->TL,UM-->TL,,,,,,,,,,,,,,,,,TL-->UM,TL-->UM,TL-->UM,TL-->UM,TL-->UM,TL-->UM,TL-->UM,TL-->UM,TL-->UM,TL-->UM,TL-->UM,TL-->UM,TL-->UM,TL-->UM,TL-->UM,TL-->UM,TL-->UM,TL-->UM,TL-->UM
VG,VGB,Virgin Islands (British),Road Town,Americas,Caribbean,,VG-->TL,VG-->TL,VG-->TL,VG-->TL,VG-->TL,VG-->TL,VG-->TL,VG-->TL,VG-->TL,VG-->TL,VG-->TL,VG-->TL,VG-->TL,VG-->TL,VG-->TL,VG-->TL,VG-->TL,VG-->TL,VG-->TL,,,,,,,,,,,,,,,,,TL-->VG,TL-->VG,TL-->VG,TL-->VG,TL-->VG,TL-->VG,TL-->VG,TL-->VG,TL-->VG,TL-->VG,TL-->VG,TL-->VG,TL-->VG,TL-->VG,TL-->VG,TL-->VG,TL-->VG,TL-->VG,TL-->VG
VI,VIR,Virgin Islands (U.S.),Charlotte Amalie,Americas,Caribbean,,VI-->TL,VI-->TL,VI-->TL,VI-->TL,VI-->TL,VI-->TL,VI-->TL,VI-->TL,VI-->TL,VI-->TL,VI-->TL,VI-->TL,VI-->TL,VI-->TL,VI-->TL,VI-->TL,VI-->TL,VI-->TL,VI-->TL,,,,,,,,,,,,,,,,,TL-->VI,TL-->VI,TL-->VI,TL-->VI,TL-->VI,TL-->VI,TL-->VI,TL-->VI,TL-->VI,TL-->VI,TL-->VI,TL-->VI,TL-->VI,TL-->VI,TL-->VI,TL-->VI,TL-->VI,TL-->VI,TL-->VI
BN,BRN,Brunei,Bandar Seri Begawan,Asia,South-Eastern Asia,,BN-->TL,BN-->TL,BN-->TL,BN-->TL,BN-->TL,BN-->TL,BN-->TL,BN-->TL,BN-->TL,BN-->TL,BN-->TL,BN-->TL,BN-->TL,BN-->TL,BN-->TL,BN-->TL,BN-->TL,BN-->TL,BN-->TL,,,,,,,,,,,,,,,,,TL-->BN,TL-->BN,TL-->BN,TL-->BN,TL-->BN,TL-->BN,TL-->BN,TL-->BN,TL-->BN,TL-->BN,TL-->BN,TL-->BN,TL-->BN,TL-->BN,TL-->BN,TL-->BN,TL-->BN,TL-->BN,TL-->BN
BG,BGR,Bulgaria,Sofia,Europe,Eastern Europe,,BG-->TL,BG-->TL,BG-->TL,BG-->TL,BG-->TL,BG-->TL,BG-->TL,BG-->TL,BG-->TL,BG-->TL,BG-->TL,BG-->TL,BG-->TL,BG-->TL,BG-->TL,BG-->TL,BG-->TL,BG-->TL,BG-->TL,,,,,,,,,,,,,,,,,TL-->BG,TL-->BG,TL-->BG,TL-->BG,TL-->BG,TL-->BG,TL-->BG,TL-->BG,TL-->BG,TL-->BG,TL-->BG,TL-->BG,TL-->BG,TL-->BG,TL-->BG,TL-->BG,TL-->BG,TL-->BG,TL-->BG
BF,BFA,Burkina Faso,Ouagadougou,Africa,Western Africa,,BF-->TL,BF-->TL,BF-->TL,BF-->TL,BF-->TL,BF-->TL,BF-->TL,BF-->TL,BF-->TL,BF-->TL,BF-->TL,BF-->TL,BF-->TL,BF-->TL,BF-->TL,BF-->TL,BF-->TL,BF-->TL,BF-->TL,,,,,,,,,,,,,,,,,TL-->BF,TL-->BF,TL-->BF,TL-->BF,TL-->BF,TL-->BF,TL-->BF,TL-->BF,TL-->BF,TL-->BF,TL-->BF,TL-->BF,TL-->BF,TL-->BF,TL-->BF,TL-->BF,TL-->BF,TL-->BF,TL-->BF
BI,BDI,Burundi,Bujumbura,Africa,Eastern Africa,,BI-->TL,BI-->TL,BI-->TL,BI-->TL,BI-->TL,BI-->TL,BI-->TL,BI-->TL,BI-->TL,BI-->TL,BI-->TL,BI-->TL,BI-->TL,BI-->TL,BI-->TL,BI-->TL,BI-->TL,BI-->TL,BI-->TL,,,,,,,,,,,,,,,,,TL-->BI,TL-->BI,TL-->BI,TL-->BI,TL-->BI,TL-->BI,TL-->BI,TL-->BI,TL-->BI,TL-->BI,TL-->BI,TL-->BI,TL-->BI,TL-->BI,TL-->BI,TL-->BI,TL-->BI,TL-->BI,TL-->BI
KH,KHM,Cambodia,Phnom Penh,Asia,South-Eastern Asia,,KH-->TL,KH-->TL,KH-->TL,KH-->TL,KH-->TL,KH-->TL,KH-->TL,KH-->TL,KH-->TL,KH-->TL,KH-->TL,KH-->TL,KH-->TL,KH-->TL,KH-->TL,KH-->TL,KH-->TL,KH-->TL,KH-->TL,,,,,,,,,,,,,,,,,TL-->KH,TL-->KH,TL-->KH,TL-->KH,TL-->KH,TL-->KH,TL-->KH,TL-->KH,TL-->KH,TL-->KH,TL-->KH,TL-->KH,TL-->KH,TL-->KH,TL-->KH,TL-->KH,TL-->KH,TL-->KH,TL-->KH
CM,CMR,Cameroon,Yaoundé,Africa,Middle Africa,,CM-->TL,CM-->TL,CM-->TL,CM-->TL,CM-->TL,CM-->TL,CM-->TL,CM-->TL,CM-->TL,CM-->TL,CM-->TL,CM-->TL,CM-->TL,CM-->TL,CM-->TL,CM-->TL,CM-->TL,CM-->TL,CM-->TL,,,,,,,,,,,,,,,,,TL-->CM,TL-->CM,TL-->CM,TL-->CM,TL-->CM,TL-->CM,TL-->CM,TL-->CM,TL-->CM,TL-->CM,TL-->CM,TL-->CM,TL-->CM,TL-->CM,TL-->CM,TL-->CM,TL-->CM,TL-->CM,TL-->CM
CA,CAN,Canada,Ottawa,Americas,Northern America,,CA-->TL,CA-->TL,CA-->TL,CA-->TL,CA-->TL,CA-->TL,CA-->TL,CA-->TL,CA-->TL,CA-->TL,CA-->TL,CA-->TL,CA-->TL,CA-->TL,CA-->TL,CA-->TL,CA-->TL,CA-->TL,CA-->TL,,,,,,,,,,,,,,,,,TL-->CA,TL-->CA,TL-->CA,TL-->CA,TL-->CA,TL-->CA,TL-->CA,TL-->CA,TL-->CA,TL-->CA,TL-->CA,TL-->CA,TL-->CA,TL-->CA,TL-->CA,TL-->CA,TL-->CA,TL-->CA,TL-->CA
CV,CPV,Cape Verde,Praia,Africa,Western Africa,,CV-->TL,CV-->TL,CV-->TL,CV-->TL,CV-->TL,CV-->TL,CV-->TL,CV-->TL,CV-->TL,CV-->TL,CV-->TL,CV-->TL,CV-->TL,CV-->TL,CV-->TL,CV-->TL,CV-->TL,CV-->TL,CV-->TL,,,,,,,,,,,,,,,,,TL-->CV,TL-->CV,TL-->CV,TL-->CV,TL-->CV,TL-->CV,TL-->CV,TL-->CV,TL-->CV,TL-->CV,TL-->CV,TL-->CV,TL-->CV,TL-->CV,TL-->CV,TL-->CV,TL-->CV,TL-->CV,TL-->CV
KY,CYM,Cayman Islands,George Town,Americas,Caribbean,,KY-->TL,KY-->TL,KY-->TL,KY-->TL,KY-->TL,KY-->TL,KY-->TL,KY-->TL,KY-->TL,KY-->TL,KY-->TL,KY-->TL,KY-->TL,KY-->TL,KY-->TL,KY-->TL,KY-->TL,KY-->TL,KY-->TL,,,,,,,,,,,,,,,,,TL-->KY,TL-->KY,TL-->KY,TL-->KY,TL-->KY,TL-->KY,TL-->KY,TL-->KY,TL-->KY,TL-->KY,TL-->KY,TL-->KY,TL-->KY,TL-->KY,TL-->KY,TL-->KY,TL-->KY,TL-->KY,TL-->KY
CF,CAF,Central African Republic,Bangui,Africa,Middle Africa,,CF-->TL,CF-->TL,CF-->TL,CF-->TL,CF-->TL,CF-->TL,CF-->TL,CF-->TL,CF-->TL,CF-->TL,CF-->TL,CF-->TL,CF-->TL,CF-->TL,CF-->TL,CF-->TL,CF-->TL,CF-->TL,CF-->TL,,,,,,,,,,,,,,,,,TL-->CF,TL-->CF,TL-->CF,TL-->CF,TL-->CF,TL-->CF,TL-->CF,TL-->CF,TL-->CF,TL-->CF,TL-->CF,TL-->CF,TL-->CF,TL-->CF,TL-->CF,TL-->CF,TL-->CF,TL-->CF,TL-->CF
TD,TCD,Chad,N'Djamena,Africa,Middle Africa,,TD-->TL,TD-->TL,TD-->TL,TD-->TL,TD-->TL,TD-->TL,TD-->TL,TD-->TL,TD-->TL,TD-->TL,TD-->TL,TD-->TL,TD-->TL,TD-->TL,TD-->TL,TD-->TL,TD-->TL,TD-->TL,TD-->TL,,,,,,,,,,,,,,,,,TL-->TD,TL-->TD,TL-->TD,TL-->TD,TL-->TD,TL-->TD,TL-->TD,TL-->TD,TL-->TD,TL-->TD,TL-->TD,TL-->TD,TL-->TD,TL-->TD,TL-->TD,TL-->TD,TL-->TD,TL-->TD,TL-->TD
CL,CHL,Chile,Santiago,Americas,South America,,CL-->TL,CL-->TL,CL-->TL,CL-->TL,CL-->TL,CL-->TL,CL-->TL,CL-->TL,CL-->TL,CL-->TL,CL-->TL,CL-->TL,CL-->TL,CL-->TL,CL-->TL,CL-->TL,CL-->TL,CL-->TL,CL-->TL,,,,,,,,,,,,,,,,,TL-->CL,TL-->CL,TL-->CL,TL-->CL,TL-->CL,TL-->CL,TL-->CL,TL-->CL,TL-->CL,TL-->CL,TL-->CL,TL-->CL,TL-->CL,TL-->CL,TL-->CL,TL-->CL,TL-->CL,TL-->CL,TL-->CL
CN,CHN,China,Beijing,Asia,Eastern Asia,,CN-->TL,CN-->TL,CN-->TL,CN-->TL,CN-->TL,CN-->TL,CN-->TL,CN-->TL,CN-->TL,CN-->TL,CN-->TL,CN-->TL,CN-->TL,CN-->TL,CN-->TL,CN-->TL,CN-->TL,CN-->TL,CN-->TL,,,,,,,,,,,,,,,,,TL-->CN,TL-->CN,TL-->CN,TL-->CN,TL-->CN,TL-->CN,TL-->CN,TL-->CN,TL-->CN,TL-->CN,TL-->CN,TL-->CN,TL-->CN,TL-->CN,TL-->CN,TL-->CN,TL-->CN,TL-->CN,TL-->CN
CX,CXR,Christmas Island,Flying Fish Cove,Oceania,Australia and New Zealand,,CX-->TL,CX-->TL,CX-->TL,CX-->TL,CX-->TL,CX-->TL,CX-->TL,CX-->TL,CX-->TL,CX-->TL,CX-->TL,CX-->TL,CX-->TL,CX-->TL,CX-->TL,CX-->TL,CX-->TL,CX-->TL,CX-->TL,,,,,,,,,,,,,,,,,TL-->CX,TL-->CX,TL-->CX,TL-->CX,TL-->CX,TL-->CX,TL-->CX,TL-->CX,TL-->CX,TL-->CX,TL-->CX,TL-->CX,TL-->CX,TL-->CX,TL-->CX,TL-->CX,TL-->CX,TL-->CX,TL-->CX
CC,CCK,Cocos (Keeling) Islands,West Island,Oceania,Australia and New Zealand,,CC-->TL,CC-->TL,CC-->TL,CC-->TL,CC-->TL,CC-->TL,CC-->TL,CC-->TL,CC-->TL,CC-->TL,CC-->TL,CC-->TL,CC-->TL,CC-->TL,CC-->TL,CC-->TL,CC-->TL,CC-->TL,CC-->TL,,,,,,,,,,,,,,,,,TL-->CC,TL-->CC,TL-->CC,TL-->CC,TL-->CC,TL-->CC,TL-->CC,TL-->CC,TL-->CC,TL-->CC,TL-->CC,TL-->CC,TL-->CC,TL-->CC,TL-->CC,TL-->CC,TL-->CC,TL-->CC,TL-->CC
CO,COL,Colombia,Bogotá,Americas,South America,,CO-->TL,CO-->TL,CO-->TL,CO-->TL,CO-->TL,CO-->TL,CO-->TL,CO-->TL,CO-->TL,CO-->TL,CO-->TL,CO-->TL,CO-->TL,CO-->TL,CO-->TL,CO-->TL,CO-->TL,CO-->TL,CO-->TL,,,,,,,,,,,,,,,,,TL-->CO,TL-->CO,TL-->CO,TL-->CO,TL-->CO,TL-->CO,TL-->CO,TL-->CO,TL-->CO,TL-->CO,TL-->CO,TL-->CO,TL-->CO,TL-->CO,TL-->CO,TL-->CO,TL-->CO,TL-->CO,TL-->CO
KM,COM,Comoros,Moroni,Africa,Eastern Africa,,KM-->TL,KM-->TL,KM-->TL,KM-->TL,KM-->TL,KM-->TL,KM-->TL,KM-->TL,KM-->TL,KM-->TL,KM-->TL,KM-->TL,KM-->TL,KM-->TL,KM-->TL,KM-->TL,KM-->TL,KM-->TL,KM-->TL,,,,,,,,,,,,,,,,,TL-->KM,TL-->KM,TL-->KM,TL-->KM,TL-->KM,TL-->KM,TL-->KM,TL-->KM,TL-->KM,TL-->KM,TL-->KM,TL-->KM,TL-->KM,TL-->KM,TL-->KM,TL-->KM,TL-->KM,TL-->KM,TL-->KM
CG,COG,Republic of the Congo,Brazzaville,Africa,Middle Africa,,CG-->TL,CG-->TL,CG-->TL,CG-->TL,CG-->TL,CG-->TL,CG-->TL,CG-->TL,CG-->TL,CG-->TL,CG-->TL,CG-->TL,CG-->TL,CG-->TL,CG-->TL,CG-->TL,CG-->TL,CG-->TL,CG-->TL,,,,,,,,,,,,,,,,,TL-->CG,TL-->CG,TL-->CG,TL-->CG,TL-->CG,TL-->CG,TL-->CG,TL-->CG,TL-->CG,TL-->CG,TL-->CG,TL-->CG,TL-->CG,TL-->CG,TL-->CG,TL-->CG,TL-->CG,TL-->CG,TL-->CG
CD,COD,Democratic Republic of the Congo,Kinshasa,Africa,Middle Africa,,CD-->TL,CD-->TL,CD-->TL,CD-->TL,CD-->TL,CD-->TL,CD-->TL,CD-->TL,CD-->TL,CD-->TL,CD-->TL,CD-->TL,CD-->TL,CD-->TL,CD-->TL,CD-->TL,CD-->TL,CD-->TL,CD-->TL,,,,,,,,,,,,,,,,,TL-->CD,TL-->CD,TL-->CD,TL-->CD,TL-->CD,TL-->CD,TL-->CD,TL-->CD,TL-->CD,TL-->CD,TL-->CD,TL-->CD,TL-->CD,TL-->CD,TL-->CD,TL-->CD,TL-->CD,TL-->CD,TL-->CD
CK,COK,Cook Islands,Avarua,Oceania,Polynesia,,CK-->TL,CK-->TL,CK-->TL,CK-->TL,CK-->TL,CK-->TL,CK-->TL,CK-->TL,CK-->TL,CK-->TL,CK-->TL,CK-->TL,CK-->TL,CK-->TL,CK-->TL,CK-->TL,CK-->TL,CK-->TL,CK-->TL,,,,,,,,,,,,,,,,,TL-->CK,TL-->CK,TL-->CK,TL-->CK,TL-->CK,TL-->CK,TL-->CK,TL-->CK,TL-->CK,TL-->CK,TL-->CK,TL-->CK,TL-->CK,TL-->CK,TL-->CK,TL-->CK,TL-->CK,TL-->CK,TL-->CK
CR,CRI,Costa Rica,San José,Americas,Central America,,CR-->TL,CR-->TL,CR-->TL,CR-->TL,CR-->TL,CR-->TL,CR-->TL,CR-->TL,CR-->TL,CR-->TL,CR-->TL,CR-->TL,CR-->TL,CR-->TL,CR-->TL,CR-->TL,CR-->TL,CR-->TL,CR-->TL,,,,,,,,,,,,,,,,,TL-->CR,TL-->CR,TL-->CR,TL-->CR,TL-->CR,TL-->CR,TL-->CR,TL-->CR,TL-->CR,TL-->CR,TL-->CR,TL-->CR,TL-->CR,TL-->CR,TL-->CR,TL-->CR,TL-->CR,TL-->CR,TL-->CR
HR,HRV,Croatia,Zagreb,Europe,Southern Europe,,HR-->TL,HR-->TL,HR-->TL,HR-->TL,HR-->TL,HR-->TL,HR-->TL,HR-->TL,HR-->TL,HR-->TL,HR-->TL,HR-->TL,HR-->TL,HR-->TL,HR-->TL,HR-->TL,HR-->TL,HR-->TL,HR-->TL,,,,,,,,,,,,,,,,,TL-->HR,TL-->HR,TL-->HR,TL-->HR,TL-->HR,TL-->HR,TL-->HR,TL-->HR,TL-->HR,TL-->HR,TL-->HR,TL-->HR,TL-->HR,TL-->HR,TL-->HR,TL-->HR,TL-->HR,TL-->HR,TL-->HR
CU,CUB,Cuba,Havana,Americas,Caribbean,,CU-->TL,CU-->TL,CU-->TL,CU-->TL,CU-->TL,CU-->TL,CU-->TL,CU-->TL,CU-->TL,CU-->TL,CU-->TL,CU-->TL,CU-->TL,CU-->TL,CU-->TL,CU-->TL,CU-->TL,CU-->TL,CU-->TL,,,,,,,,,,,,,,,,,TL-->CU,TL-->CU,TL-->CU,TL-->CU,TL-->CU,TL-->CU,TL-->CU,TL-->CU,TL-->CU,TL-->CU,TL-->CU,TL-->CU,TL-->CU,TL-->CU,TL-->CU,TL-->CU,TL-->CU,TL-->CU,TL-->CU
CW,CUW,Curaçao,Willemstad,Americas,Caribbean,,CW-->TL,CW-->TL,CW-->TL,CW-->TL,CW-->TL,CW-->TL,CW-->TL,CW-->TL,CW-->TL,CW-->TL,CW-->TL,CW-->TL,CW-->TL,CW-->TL,CW-->TL,CW-->TL,CW-->TL,CW-->TL,CW-->TL,,,,,,,,,,,,,,,,,TL-->CW,TL-->CW,TL-->CW,TL-->CW,TL-->CW,TL-->CW,TL-->CW,TL-->CW,TL-->CW,TL-->CW,TL-->CW,TL-->CW,TL-->CW,TL-->CW,TL-->CW,TL-->CW,TL-->CW,TL-->CW,TL-->CW
CY,CYP,Cyprus,Nicosia,Europe,Southern Europe,,CY-->TL,CY-->TL,CY-->TL,CY-->TL,CY-->TL,CY-->TL,CY-->TL,CY-->TL,CY-->TL,CY-->TL,CY-->TL,CY-->TL,CY-->TL,CY-->TL,CY-->TL,CY-->TL,CY-->TL,CY-->TL,CY-->TL,,,,,,,,,,,,,,,,,TL-->CY,TL-->CY,TL-->CY,TL-->CY,TL-->CY,TL-->CY,TL-->CY,TL-->CY,TL-->CY,TL-->CY,TL-->CY,TL-->CY,TL-->CY,TL-->CY,TL-->CY,TL-->CY,TL-->CY,TL-->CY,TL-->CY
CZ,CZE,Czech Republic,Prague,Europe,Eastern Europe,,CZ-->TL,CZ-->TL,CZ-->TL,CZ-->TL,CZ-->TL,CZ-->TL,CZ-->TL,CZ-->TL,CZ-->TL,CZ-->TL,CZ-->TL,CZ-->TL,CZ-->TL,CZ-->TL,CZ-->TL,CZ-->TL,CZ-->TL,CZ-->TL,CZ-->TL,,,,,,,,,,,,,,,,,TL-->CZ,TL-->CZ,TL-->CZ,TL-->CZ,TL-->CZ,TL-->CZ,TL-->CZ,TL-->CZ,TL-->CZ,TL-->CZ,TL-->CZ,TL-->CZ,TL-->CZ,TL-->CZ,TL-->CZ,TL-->CZ,TL-->CZ,TL-->CZ,TL-->CZ
DK,DNK,Denmark,Copenhagen,Europe,Northern Europe,,DK-->TL,DK-->TL,DK-->TL,DK-->TL,DK-->TL,DK-->TL,DK-->TL,DK-->TL,DK-->TL,DK-->TL,DK-->TL,DK-->TL,DK-->TL,DK-->TL,DK-->TL,DK-->TL,DK-->TL,DK-->TL,DK-->TL,,,,,,,,,,,,,,,,,TL-->DK,TL-->DK,TL-->DK,TL-->DK,TL-->DK,TL-->DK,TL-->DK,TL-->DK,TL-->DK,TL-->DK,TL-->DK,TL-->DK,TL-->DK,TL-->DK,TL-->DK,TL-->DK,TL-->DK,TL-->DK,TL-->DK
DJ,DJI,Djibouti,Djibouti,Africa,Eastern Africa,,DJ-->TL,DJ-->TL,DJ-->TL,DJ-->TL,DJ-->TL,DJ-->TL,DJ-->TL,DJ-->TL,DJ-->TL,DJ-->TL,DJ-->TL,DJ-->TL,DJ-->TL,DJ-->TL,DJ-->TL,DJ-->TL,DJ-->TL,DJ-->TL,DJ-->TL,,,,,,,,,,,,,,,,,TL-->DJ,TL-->DJ,TL-->DJ,TL-->DJ,TL-->DJ,TL-->DJ,TL-->DJ,TL-->DJ,TL-->DJ,TL-->DJ,TL-->DJ,TL-->DJ,TL-->DJ,TL-->DJ,TL-->DJ,TL-->DJ,TL-->DJ,TL-->DJ,TL-->DJ
DM,DMA,Dominica,Roseau,Americas,Caribbean,,DM-->TL,DM-->TL,DM-->TL,DM-->TL,DM-->TL,DM-->TL,DM-->TL,DM-->TL,DM-->TL,DM-->TL,DM-->TL,DM-->TL,DM-->TL,DM-->TL,DM-->TL,DM-->TL,DM-->TL,DM-->TL,DM-->TL,,,,,,,,,,,,,,,,,TL-->DM,TL-->DM,TL-->DM,TL-->DM,TL-->DM,TL-->DM,TL-->DM,TL-->DM,TL-->DM,TL-->DM,TL-->DM,TL-->DM,TL-->DM,TL-->DM,TL-->DM,TL-->DM,TL-->DM,TL-->DM,TL-->DM
DO,DOM,Dominican Republic,Santo Domingo,Americas,Caribbean,,DO-->TL,DO-->TL,DO-->TL,DO-->TL,DO-->TL,DO-->TL,DO-->TL,DO-->TL,DO-->TL,DO-->TL,DO-->TL,DO-->TL,DO-->TL,DO-->TL,DO-->TL,DO-->TL,DO-->TL,DO-->TL,DO-->TL,,,,,,,,,,,,,,,,,TL-->DO,TL-->DO,TL-->DO,TL-->DO,TL-->DO,TL-->DO,TL-->DO,TL-->DO,TL-->DO,TL-->DO,TL-->DO,TL-->DO,TL-->DO,TL-->DO,TL-->DO,TL-->DO,TL-->DO,TL-->DO,TL-->DO
EC,ECU,Ecuador,Quito,Americas,South America,,EC-->TL,EC-->TL,EC-->TL,EC-->TL,EC-->TL,EC-->TL,EC-->TL,EC-->TL,EC-->TL,EC-->TL,EC-->TL,EC-->TL,EC-->TL,EC-->TL,EC-->TL,EC-->TL,EC-->TL,EC-->TL,EC-->TL,,,,,,,,,,,,,,,,,TL-->EC,TL-->EC,TL-->EC,TL-->EC,TL-->EC,TL-->EC,TL-->EC,TL-->EC,TL-->EC,TL-->EC,TL-->EC,TL-->EC,TL-->EC,TL-->EC,TL-->EC,TL-->EC,TL-->EC,TL-->EC,TL-->EC
EG,EGY,Egypt,Cairo,Africa,Northern Africa,,EG-->TL,EG-->TL,EG-->TL,EG-->TL,EG-->TL,EG-->TL,EG-->TL,EG-->TL,EG-->TL,EG-->TL,EG-->TL,EG-->TL,EG-->TL,EG-->TL,EG-->TL,EG-->TL,EG-->TL,EG-->TL,EG-->TL,,,,,,,,,,,,,,,,,TL-->EG,TL-->EG,TL-->EG,TL-->EG,TL-->EG,TL-->EG,TL-->EG,TL-->EG,TL-->EG,TL-->EG,TL-->EG,TL-->EG,TL-->EG,TL-->EG,TL-->EG,TL-->EG,TL-->EG,TL-->EG,TL-->EG
SV,SLV,El Salvador,San Salvador,Americas,Central America,,SV-->TL,SV-->TL,SV-->TL,SV-->TL,SV-->TL,SV-->TL,SV-->TL,SV-->TL,SV-->TL,SV-->TL,SV-->TL,SV-->TL,SV-->TL,SV-->TL,SV-->TL,SV-->TL,SV-->TL,SV-->TL,SV-->TL,,,,,,,,,,,,,,,,,TL-->SV,TL-->SV,TL-->SV,TL-->SV,TL-->SV,TL-->SV,TL-->SV,TL-->SV,TL-->SV,TL-->SV,TL-->SV,TL-->SV,TL-->SV,TL-->SV,TL-->SV,TL-->SV,TL-->SV,TL-->SV,TL-->SV
GQ,GNQ,Equatorial Guinea,Malabo,Africa,Middle Africa,,GQ-->TL,GQ-->TL,GQ-->TL,GQ-->TL,GQ-->TL,GQ-->TL,GQ-->TL,GQ-->TL,GQ-->TL,GQ-->TL,GQ-->TL,GQ-->TL,GQ-->TL,GQ-->TL,GQ-->TL,GQ-->TL,GQ-->TL,GQ-->TL,GQ-->TL,,,,,,,,,,,,,,,,,TL-->GQ,TL-->GQ,TL-->GQ,TL-->GQ,TL-->GQ,TL-->GQ,TL-->GQ,TL-->GQ,TL-->GQ,TL-->GQ,TL-->GQ,TL-->GQ,TL-->GQ,TL-->GQ,TL-->GQ,TL-->GQ,TL-->GQ,TL-->GQ,TL-->GQ
ER,ERI,Eritrea,Asmara,Africa,Eastern Africa,,ER-->TL,ER-->TL,ER-->TL,ER-->TL,ER-->TL,ER-->TL,ER-->TL,ER-->TL,ER-->TL,ER-->TL,ER-->TL,ER-->TL,ER-->TL,ER-->TL,ER-->TL,ER-->TL,ER-->TL,ER-->TL,ER-->TL,,,,,,,,,,,,,,,,,TL-->ER,TL-->ER,TL-->ER,TL-->ER,TL-->ER,TL-->ER,TL-->ER,TL-->ER,TL-->ER,TL-->ER,TL-->ER,TL-->ER,TL-->ER,TL-->ER,TL-->ER,TL-->ER,TL-->ER,TL-->ER,TL-->ER
EE,EST,Estonia,Tallinn,Europe,Northern Europe,,EE-->TL,EE-->TL,EE-->TL,EE-->TL,EE-->TL,EE-->TL,EE-->TL,EE-->TL,EE-->TL,EE-->TL,EE-->TL,EE-->TL,EE-->TL,EE-->TL,EE-->TL,EE-->TL,EE-->TL,EE-->TL,EE-->TL,,,,,,,,,,,,,,,,,TL-->EE,TL-->EE,TL-->EE,TL-->EE,TL-->EE,TL-->EE,TL-->EE,TL-->EE,TL-->EE,TL-->EE,TL-->EE,TL-->EE,TL-->EE,TL-->EE,TL-->EE,TL-->EE,TL-->EE,TL-->EE,TL-->EE
ET,ETH,Ethiopia,Addis Ababa,Africa,Eastern Africa,,ET-->TL,ET-->TL,ET-->TL,ET-->TL,ET-->TL,ET-->TL,ET-->TL,ET-->TL,ET-->TL,ET-->TL,ET-->TL,ET-->TL,ET-->TL,ET-->TL,ET-->TL,ET-->TL,ET-->TL,ET-->TL,ET-->TL,,,,,,,,,,,,,,,,,TL-->ET,TL-->ET,TL-->ET,TL-->ET,TL-->ET,TL-->ET,TL-->ET,TL-->ET,TL-->ET,TL-->ET,TL-->ET,TL-->ET,TL-->ET,TL-->ET,TL-->ET,TL-->ET,TL-->ET,TL-->ET,TL-->ET
FK,FLK,Falkland Islands,Stanley,Americas,South America,,FK-->TL,FK-->TL,FK-->TL,FK-->TL,FK-->TL,FK-->TL,FK-->TL,FK-->TL,FK-->TL,FK-->TL,FK-->TL,FK-->TL,FK-->TL,FK-->TL,FK-->TL,FK-->TL,FK-->TL,FK-->TL,FK-->TL,,,,,,,,,,,,,,,,,TL-->FK,TL-->FK,TL-->FK,TL-->FK,TL-->FK,TL-->FK,TL-->FK,TL-->FK,TL-->FK,TL-->FK,TL-->FK,TL-->FK,TL-->FK,TL-->FK,TL-->FK,TL-->FK,TL-->FK,TL-->FK,TL-->FK
FO,FRO,Faroe Islands,Tórshavn,Europe,Northern Europe,,FO-->TL,FO-->TL,FO-->TL,FO-->TL,FO-->TL,FO-->TL,FO-->TL,FO-->TL,FO-->TL,FO-->TL,FO-->TL,FO-->TL,FO-->TL,FO-->TL,FO-->TL,FO-->TL,FO-->TL,FO-->TL,FO-->TL,,,,,,,,,,,,,,,,,TL-->FO,TL-->FO,TL-->FO,TL-->FO,TL-->FO,TL-->FO,TL-->FO,TL-->FO,TL-->FO,TL-->FO,TL-->FO,TL-->FO,TL-->FO,TL-->FO,TL-->FO,TL-->FO,TL-->FO,TL-->FO,TL-->FO
FJ,FJI,Fiji,Suva,Oceania,Melanesia,,FJ-->TL,FJ-->TL,FJ-->TL,FJ-->TL,FJ-->TL,FJ-->TL,FJ-->TL,FJ-->TL,FJ-->TL,FJ-->TL,FJ-->TL,FJ-->TL,FJ-->TL,FJ-->TL,FJ-->TL,FJ-->TL,FJ-->TL,FJ-->TL,FJ-->TL,,,,,,,,,,,,,,,,,TL-->FJ,TL-->FJ,TL-->FJ,TL-->FJ,TL-->FJ,TL-->FJ,TL-->FJ,TL-->FJ,TL-->FJ,TL-->FJ,TL-->FJ,TL-->FJ,TL-->FJ,TL-->FJ,TL-->FJ,TL-->FJ,TL-->FJ,TL-->FJ,TL-->FJ
FI,FIN,Finland,Helsinki,Europe,Northern Europe,,FI-->TL,FI-->TL,FI-->TL,FI-->TL,FI-->TL,FI-->TL,FI-->TL,FI-->TL,FI-->TL,FI-->TL,FI-->TL,FI-->TL,FI-->TL,FI-->TL,FI-->TL,FI-->TL,FI-->TL,FI-->TL,FI-->TL,,,,,,,,,,,,,,,,,TL-->FI,TL-->FI,TL-->FI,TL-->FI,TL-->FI,TL-->FI,TL-->FI,TL-->FI,TL-->FI,TL-->FI,TL-->FI,TL-->FI,TL-->FI,TL-->FI,TL-->FI,TL-->FI,TL-->FI,TL-->FI,TL-->FI
FR,FRA,France,Paris,Europe,Western Europe,,FR-->TL,FR-->TL,FR-->TL,FR-->TL,FR-->TL,FR-->TL,FR-->TL,FR-->TL,FR-->TL,FR-->TL,FR-->TL,FR-->TL,FR-->TL,FR-->TL,FR-->TL,FR-->TL,FR-->TL,FR-->TL,FR-->TL,,,,,,,,,,,,,,,,,TL-->FR,TL-->FR,TL-->FR,TL-->FR,TL-->FR,TL-->FR,TL-->FR,TL-->FR,TL-->FR,TL-->FR,TL-->FR,TL-->FR,TL-->FR,TL-->FR,TL-->FR,TL-->FR,TL-->FR,TL-->FR,TL-->FR
GF,GUF,French Guiana,Cayenne,Americas,South America,,GF-->TL,GF-->TL,GF-->TL,GF-->TL,GF-->TL,GF-->TL,GF-->TL,GF-->TL,GF-->TL,GF-->TL,GF-->TL,GF-->TL,GF-->TL,GF-->TL,GF-->TL,GF-->TL,GF-->TL,GF-->TL,GF-->TL,,,,,,,,,,,,,,,,,TL-->GF,TL-->GF,TL-->GF,TL-->GF,TL-->GF,TL-->GF,TL-->GF,TL-->GF,TL-->GF,TL-->GF,TL-->GF,TL-->GF,TL-->GF,TL-->GF,TL-->GF,TL-->GF,TL-->GF,TL-->GF,TL-->GF
PF,PYF,French Polynesia,Papeetē,Oceania,Polynesia,,PF-->TL,PF-->TL,PF-->TL,PF-->TL,PF-->TL,PF-->TL,PF-->TL,PF-->TL,PF-->TL,PF-->TL,PF-->TL,PF-->TL,PF-->TL,PF-->TL,PF-->TL,PF-->TL,PF-->TL,PF-->TL,PF-->TL,,,,,,,,,,,,,,,,,TL-->PF,TL-->PF,TL-->PF,TL-->PF,TL-->PF,TL-->PF,TL-->PF,TL-->PF,TL-->PF,TL-->PF,TL-->PF,TL-->PF,TL-->PF,TL-->PF,TL-->PF,TL-->PF,TL-->PF,TL-->PF,TL-->PF
TF,ATF,French Southern and Antarctic Lands,Port-aux-Français,Africa,Southern Africa,,TF-->TL,TF-->TL,TF-->TL,TF-->TL,TF-->TL,TF-->TL,TF-->TL,TF-->TL,TF-->TL,TF-->TL,TF-->TL,TF-->TL,TF-->TL,TF-->TL,TF-->TL,TF-->TL,TF-->TL,TF-->TL,TF-->TL,,,,,,,,,,,,,,,,,TL-->TF,TL-->TF,TL-->TF,TL-->TF,TL-->TF,TL-->TF,TL-->TF,TL-->TF,TL-->TF,TL-->TF,TL-->TF,TL-->TF,TL-->TF,TL-->TF,TL-->TF,TL-->TF,TL-->TF,TL-->TF,TL-->TF
GA,GAB,Gabon,Libreville,Africa,Middle Africa,,GA-->TL,GA-->TL,GA-->TL,GA-->TL,GA-->TL,GA-->TL,GA-->TL,GA-->TL,GA-->TL,GA-->TL,GA-->TL,GA-->TL,GA-->TL,GA-->TL,GA-->TL,GA-->TL,GA-->TL,GA-->TL,GA-->TL,,,,,,,,,,,,,,,,,TL-->GA,TL-->GA,TL-->GA,TL-->GA,TL-->GA,TL-->GA,TL-->GA,TL-->GA,TL-->GA,TL-->GA,TL-->GA,TL-->GA,TL-->GA,TL-->GA,TL-->GA,TL-->GA,TL-->GA,TL-->GA,TL-->GA
GM,GMB,The Gambia,Banjul,Africa,Western Africa,,GM-->TL,GM-->TL,GM-->TL,GM-->TL,GM-->TL,GM-->TL,GM-->TL,GM-->TL,GM-->TL,GM-->TL,GM-->TL,GM-->TL,GM-->TL,GM-->TL,GM-->TL,GM-->TL,GM-->TL,GM-->TL,GM-->TL,,,,,,,,,,,,,,,,,TL-->GM,TL-->GM,TL-->GM,TL-->GM,TL-->GM,TL-->GM,TL-->GM,TL-->GM,TL-->GM,TL-->GM,TL-->GM,TL-->GM,TL-->GM,TL-->GM,TL-->GM,TL-->GM,TL-->GM,TL-->GM,TL-->GM
GE,GEO,Georgia,Tbilisi,Asia,Western Asia,,GE-->TL,GE-->TL,GE-->TL,GE-->TL,GE-->TL,GE-->TL,GE-->TL,GE-->TL,GE-->TL,GE-->TL,GE-->TL,GE-->TL,GE-->TL,GE-->TL,GE-->TL,GE-->TL,GE-->TL,GE-->TL,GE-->TL,,,,,,,,,,,,,,,,,TL-->GE,TL-->GE,TL-->GE,TL-->GE,TL-->GE,TL-->GE,TL-->GE,TL-->GE,TL-->GE,TL-->GE,TL-->GE,TL-->GE,TL-->GE,TL-->GE,TL-->GE,TL-->GE,TL-->GE,TL-->GE,TL-->GE
DE,DEU,Germany,Berlin,Europe,Western Europe,,DE-->TL,DE-->TL,DE-->TL,DE-->TL,DE-->TL,DE-->TL,DE-->TL,DE-->TL,DE-->TL,DE-->TL,DE-->TL,DE-->TL,DE-->TL,DE-->TL,DE-->TL,DE-->TL,DE-->TL,DE-->TL,DE-->TL,,,,,,,,,,,,,,,,,TL-->DE,TL-->DE,TL-->DE,TL-->DE,TL-->DE,TL-->DE,TL-->DE,TL-->DE,TL-->DE,TL-->DE,TL-->DE,TL-->DE,TL-->DE,TL-->DE,TL-->DE,TL-->DE,TL-->DE,TL-->DE,TL-->DE
GH,GHA,Ghana,Accra,Africa,Western Africa,,GH-->TL,GH-->TL,GH-->TL,GH-->TL,GH-->TL,GH-->TL,GH-->TL,GH-->TL,GH-->TL,GH-->TL,GH-->TL,GH-->TL,GH-->TL,GH-->TL,GH-->TL,GH-->TL,GH-->TL,GH-->TL,GH-->TL,,,,,,,,,,,,,,,,,TL-->GH,TL-->GH,TL-->GH,TL-->GH,TL-->GH,TL-->GH,TL-->GH,TL-->GH,TL-->GH,TL-->GH,TL-->GH,TL-->GH,TL-->GH,TL-->GH,TL-->GH,TL-->GH,TL-->GH,TL-->GH,TL-->GH
GI,GIB,Gibraltar,Gibraltar,Europe,Southern Europe,,GI-->TL,GI-->TL,GI-->TL,GI-->TL,GI-->TL,GI-->TL,GI-->TL,GI-->TL,GI-->TL,GI-->TL,GI-->TL,GI-->TL,GI-->TL,GI-->TL,GI-->TL,GI-->TL,GI-->TL,GI-->TL,GI-->TL,,,,,,,,,,,,,,,,,TL-->GI,TL-->GI,TL-->GI,TL-->GI,TL-->GI,TL-->GI,TL-->GI,TL-->GI,TL-->GI,TL-->GI,TL-->GI,TL-->GI,TL-->GI,TL-->GI,TL-->GI,TL-->GI,TL-->GI,TL-->GI,TL-->GI
GR,GRC,Greece,Athens,Europe,Southern Europe,,GR-->TL,GR-->TL,GR-->TL,GR-->TL,GR-->TL,GR-->TL,GR-->TL,GR-->TL,GR-->TL,GR-->TL,GR-->TL,GR-->TL,GR-->TL,GR-->TL,GR-->TL,GR-->TL,GR-->TL,GR-->TL,GR-->TL,,,,,,,,,,,,,,,,,TL-->GR,TL-->GR,TL-->GR,TL-->GR,TL-->GR,TL-->GR,TL-->GR,TL-->GR,TL-->GR,TL-->GR,TL-->GR,TL-->GR,TL-->GR,TL-->GR,TL-->GR,TL-->GR,TL-->GR,TL-->GR,TL-->GR
GL,GRL,Greenland,Nuuk,Americas,Northern America,,GL-->TL,GL-->TL,GL-->TL,GL-->TL,GL-->TL,GL-->TL,GL-->TL,GL-->TL,GL-->TL,GL-->TL,GL-->TL,GL-->TL,GL-->TL,GL-->TL,GL-->TL,GL-->TL,GL-->TL,GL-->TL,GL-->TL,,,,,,,,,,,,,,,,,TL-->GL,TL-->GL,TL-->GL,TL-->GL,TL-->GL,TL-->GL,TL-->GL,TL-->GL,TL-->GL,TL-->GL,TL-->GL,TL-->GL,TL-->GL,TL-->GL,TL-->GL,TL-->GL,TL-->GL,TL-->GL,TL-->GL
GD,GRD,Grenada,St. George's,Americas,Caribbean,,GD-->TL,GD-->TL,GD-->TL,GD-->TL,GD-->TL,GD-->TL,GD-->TL,GD-->TL,GD-->TL,GD-->TL,GD-->TL,GD-->TL,GD-->TL,GD-->TL,GD-->TL,GD-->TL,GD-->TL,GD-->TL,GD-->TL,,,,,,,,,,,,,,,,,TL-->GD,TL-->GD,TL-->GD,TL-->GD,TL-->GD,TL-->GD,TL-->GD,TL-->GD,TL-->GD,TL-->GD,TL-->GD,TL-->GD,TL-->GD,TL-->GD,TL-->GD,TL-->GD,TL-->GD,TL-->GD,TL-->GD
GP,GLP,Guadeloupe,Basse-Terre,Americas,Caribbean,,GP-->TL,GP-->TL,GP-->TL,GP-->TL,GP-->TL,GP-->TL,GP-->TL,GP-->TL,GP-->TL,GP-->TL,GP-->TL,GP-->TL,GP-->TL,GP-->TL,GP-->TL,GP-->TL,GP-->TL,GP-->TL,GP-->TL,,,,,,,,,,,,,,,,,TL-->GP,TL-->GP,TL-->GP,TL-->GP,TL-->GP,TL-->GP,TL-->GP,TL-->GP,TL-->GP,TL-->GP,TL-->GP,TL-->GP,TL-->GP,TL-->GP,TL-->GP,TL-->GP,TL-->GP,TL-->GP,TL-->GP
GU,GUM,Guam,Hagåtña,Oceania,Micronesia,,GU-->TL,GU-->TL,GU-->TL,GU-->TL,GU-->TL,GU-->TL,GU-->TL,GU-->TL,GU-->TL,GU-->TL,GU-->TL,GU-->TL,GU-->TL,GU-->TL,GU-->TL,GU-->TL,GU-->TL,GU-->TL,GU-->TL,,,,,,,,,,,,,,,,,TL-->GU,TL-->GU,TL-->GU,TL-->GU,TL-->GU,TL-->GU,TL-->GU,TL-->GU,TL-->GU,TL-->GU,TL-->GU,TL-->GU,TL-->GU,TL-->GU,TL-->GU,TL-->GU,TL-->GU,TL-->GU,TL-->GU
GT,GTM,Guatemala,Guatemala City,Americas,Central America,,GT-->TL,GT-->TL,GT-->TL,GT-->TL,GT-->TL,GT-->TL,GT-->TL,GT-->TL,GT-->TL,GT-->TL,GT-->TL,GT-->TL,GT-->TL,GT-->TL,GT-->TL,GT-->TL,GT-->TL,GT-->TL,GT-->TL,,,,,,,,,,,,,,,,,TL-->GT,TL-->GT,TL-->GT,TL-->GT,TL-->GT,TL-->GT,TL-->GT,TL-->GT,TL-->GT,TL-->GT,TL-->GT,TL-->GT,TL-->GT,TL-->GT,TL-->GT,TL-->GT,TL-->GT,TL-->GT,TL-->GT
GG,GGY,Guernsey,St. Peter Port,Europe,Northern Europe,,GG-->TL,GG-->TL,GG-->TL,GG-->TL,GG-->TL,GG-->TL,GG-->TL,GG-->TL,GG-->TL,GG-->TL,GG-->TL,GG-->TL,GG-->TL,GG-->TL,GG-->TL,GG-->TL,GG-->TL,GG-->TL,GG-->TL,,,,,,,,,,,,,,,,,TL-->GG,TL-->GG,TL-->GG,TL-->GG,TL-->GG,TL-->GG,TL-->GG,TL-->GG,TL-->GG,TL-->GG,TL-->GG,TL-->GG,TL-->GG,TL-->GG,TL-->GG,TL-->GG,TL-->GG,TL-->GG,TL-->GG
GN,GIN,Guinea,Conakry,Africa,Western Africa,,GN-->TL,GN-->TL,GN-->TL,GN-->TL,GN-->TL,GN-->TL,GN-->TL,GN-->TL,GN-->TL,GN-->TL,GN-->TL,GN-->TL,GN-->TL,GN-->TL,GN-->TL,GN-->TL,GN-->TL,GN-->TL,GN-->TL,,,,,,,,,,,,,,,,,TL-->GN,TL-->GN,TL-->GN,TL-->GN,TL-->GN,TL-->GN,TL-->GN,TL-->GN,TL-->GN,TL-->GN,TL-->GN,TL-->GN,TL-->GN,TL-->GN,TL-->GN,TL-->GN,TL-->GN,TL-->GN,TL-->GN
GW,GNB,Guinea-Bissau,Bissau,Africa,Western Africa,,GW-->TL,GW-->TL,GW-->TL,GW-->TL,GW-->TL,GW-->TL,GW-->TL,GW-->TL,GW-->TL,GW-->TL,GW-->TL,GW-->TL,GW-->TL,GW-->TL,GW-->TL,GW-->TL,GW-->TL,GW-->TL,GW-->TL,,,,,,,,,,,,,,,,,TL-->GW,TL-->GW,TL-->GW,TL-->GW,TL-->GW,TL-->GW,TL-->GW,TL-->GW,TL-->GW,TL-->GW,TL-->GW,TL-->GW,TL-->GW,TL-->GW,TL-->GW,TL-->GW,TL-->GW,TL-->GW,TL-->GW
GY,GUY,Guyana,Georgetown,Americas,South America,,GY-->TL,GY-->TL,GY-->TL,GY-->TL,GY-->TL,GY-->TL,GY-->TL,GY-->TL,GY-->TL,GY-->TL,GY-->TL,GY-->TL,GY-->TL,GY-->TL,GY-->TL,GY-->TL,GY-->TL,GY-->TL,GY-->TL,,,,,,,,,,,,,,,,,TL-->GY,TL-->GY,TL-->GY,TL-->GY,TL-->GY,TL-->GY,TL-->GY,TL-->GY,TL-->GY,TL-->GY,TL-->GY,TL-->GY,TL-->GY,TL-->GY,TL-->GY,TL-->GY,TL-->GY,TL-->GY,TL-->GY
HT,HTI,Haiti,Port-au-Prince,Americas,Caribbean,,HT-->TL,HT-->TL,HT-->TL,HT-->TL,HT-->TL,HT-->TL,HT-->TL,HT-->TL,HT-->TL,HT-->TL,HT-->TL,HT-->TL,HT-->TL,HT-->TL,HT-->TL,HT-->TL,HT-->TL,HT-->TL,HT-->TL,,,,,,,,,,,,,,,,,TL-->HT,TL-->HT,TL-->HT,TL-->HT,TL-->HT,TL-->HT,TL-->HT,TL-->HT,TL-->HT,TL-->HT,TL-->HT,TL-->HT,TL-->HT,TL-->HT,TL-->HT,TL-->HT,TL-->HT,TL-->HT,TL-->HT
HM,HMD,Heard Island and McDonald Islands,,,,,HM-->TL,HM-->TL,HM-->TL,HM-->TL,HM-->TL,HM-->TL,HM-->TL,HM-->TL,HM-->TL,HM-->TL,HM-->TL,HM-->TL,HM-->TL,HM-->TL,HM-->TL,HM-->TL,HM-->TL,HM-->TL,HM-->TL,,,,,,,,,,,,,,,,,TL-->HM,TL-->HM,TL-->HM,TL-->HM,TL-->HM,TL-->HM,TL-->HM,TL-->HM,TL-->HM,TL-->HM,TL-->HM,TL-->HM,TL-->HM,TL-->HM,TL-->HM,TL-->HM,TL-->HM,TL-->HM,TL-->HM
VA,VAT,Holy See,Rome,Europe,Southern Europe,,VA-->TL,VA-->TL,VA-->TL,VA-->TL,VA-->TL,VA-->TL,VA-->TL,VA-->TL,VA-->TL,VA-->TL,VA-->TL,VA-->TL,VA-->TL,VA-->TL,VA-->TL,VA-->TL,VA-->TL,VA-->TL,VA-->TL,,,,,,,,,,,,,,,,,TL-->VA,TL-->VA,TL-->VA,TL-->VA,TL-->VA,TL-->VA,TL-->VA,TL-->VA,TL-->VA,TL-->VA,TL-->VA,TL-->VA,TL-->VA,TL-->VA,TL-->VA,TL-->VA,TL-->VA,TL-->VA,TL-->VA
HN,HND,Honduras,Tegucigalpa,Americas,Central America,,HN-->TL,HN-->TL,HN-->TL,HN-->TL,HN-->TL,HN-->TL,HN-->TL,HN-->TL,HN-->TL,HN-->TL,HN-->TL,HN-->TL,HN-->TL,HN-->TL,HN-->TL,HN-->TL,HN-->TL,HN-->TL,HN-->TL,,,,,,,,,,,,,,,,,TL-->HN,TL-->HN,TL-->HN,TL-->HN,TL-->HN,TL-->HN,TL-->HN,TL-->HN,TL-->HN,TL-->HN,TL-->HN,TL-->HN,TL-->HN,TL-->HN,TL-->HN,TL-->HN,TL-->HN,TL-->HN,TL-->HN
HK,HKG,Hong Kong,City of Victoria,Asia,Eastern Asia,,HK-->TL,HK-->TL,HK-->TL,HK-->TL,HK-->TL,HK-->TL,HK-->TL,HK-->TL,HK-->TL,HK-->TL,HK-->TL,HK-->TL,HK-->TL,HK-->TL,HK-->TL,HK-->TL,HK-->TL,HK-->TL,HK-->TL,,,,,,,,,,,,,,,,,TL-->HK,TL-->HK,TL-->HK,TL-->HK,TL-->HK,TL-->HK,TL-->HK,TL-->HK,TL-->HK,TL-->HK,TL-->HK,TL-->HK,TL-->HK,TL-->HK,TL-->HK,TL-->HK,TL-->HK,TL-->HK,TL-->HK
HU,HUN,Hungary,Budapest,Europe,Eastern Europe,,HU-->TL,HU-->TL,HU-->TL,HU-->TL,HU-->TL,HU-->TL,HU-->TL,HU-->TL,HU-->TL,HU-->TL,HU-->TL,HU-->TL,HU-->TL,HU-->TL,HU-->TL,HU-->TL,HU-->TL,HU-->TL,HU-->TL,,,,,,,,,,,,,,,,,TL-->HU,TL-->HU,TL-->HU,TL-->HU,TL-->HU,TL-->HU,TL-->HU,TL-->HU,TL-->HU,TL-->HU,TL-->HU,TL-->HU,TL-->HU,TL-->HU,TL-->HU,TL-->HU,TL-->HU,TL-->HU,TL-->HU
IS,ISL,Iceland,Reykjavík,Europe,Northern Europe,,IS-->TL,IS-->TL,IS-->TL,IS-->TL,IS-->TL,IS-->TL,IS-->TL,IS-->TL,IS-->TL,IS-->TL,IS-->TL,IS-->TL,IS-->TL,IS-->TL,IS-->TL,IS-->TL,IS-->TL,IS-->TL,IS-->TL,,,,,,,,,,,,,,,,,TL-->IS,TL-->IS,TL-->IS,TL-->IS,TL-->IS,TL-->IS,TL-->IS,TL-->IS,TL-->IS,TL-->IS,TL-->IS,TL-->IS,TL-->IS,TL-->IS,TL-->IS,TL-->IS,TL-->IS,TL-->IS,TL-->IS
IN,IND,India,New Delhi,Asia,Southern Asia,,IN-->TL,IN-->TL,IN-->TL,IN-->TL,IN-->TL,IN-->TL,IN-->TL,IN-->TL,IN-->TL,IN-->TL,IN-->TL,IN-->TL,IN-->TL,IN-->TL,IN-->TL,IN-->TL,IN-->TL,IN-->TL,IN-->TL,,,,,,,,,,,,,,,,,TL-->IN,TL-->IN,TL-->IN,TL-->IN,TL-->IN,TL-->IN,TL-->IN,TL-->IN,TL-->IN,TL-->IN,TL-->IN,TL-->IN,TL-->IN,TL-->IN,TL-->IN,TL-->IN,TL-->IN,TL-->IN,TL-->IN
ID,IDN,Indonesia,Jakarta,Asia,South-Eastern Asia,,ID-->TL,ID-->TL,ID-->TL,ID-->TL,ID-->TL,ID-->TL,ID-->TL,ID-->TL,ID-->TL,ID-->TL,ID-->TL,ID-->TL,ID-->TL,ID-->TL,ID-->TL,ID-->TL,ID-->TL,ID-->TL,ID-->TL,,,,,,,,,,,,,,,,,TL-->ID,TL-->ID,TL-->ID,TL-->ID,TL-->ID,TL-->ID,TL-->ID,TL-->ID,TL-->ID,TL-->ID,TL-->ID,TL-->ID,TL-->ID,TL-->ID,TL-->ID,TL-->ID,TL-->ID,TL-->ID,TL-->ID
CI,CIV,Ivory Coast,Yamoussoukro,Africa,Western Africa,,CI-->TL,CI-->TL,CI-->TL,CI-->TL,CI-->TL,CI-->TL,CI-->TL,CI-->TL,CI-->TL,CI-->TL,CI-->TL,CI-->TL,CI-->TL,CI-->TL,CI-->TL,CI-->TL,CI-->TL,CI-->TL,CI-->TL,,,,,,,,,,,,,,,,,TL-->CI,TL-->CI,TL-->CI,TL-->CI,TL-->CI,TL-->CI,TL-->CI,TL-->CI,TL-->CI,TL-->CI,TL-->CI,TL-->CI,TL-->CI,TL-->CI,TL-->CI,TL-->CI,TL-->CI,TL-->CI,TL-->CI
IR,IRN,Iran,Tehran,Asia,Southern Asia,,IR-->TL,IR-->TL,IR-->TL,IR-->TL,IR-->TL,IR-->TL,IR-->TL,IR-->TL,IR-->TL,IR-->TL,IR-->TL,IR-->TL,IR-->TL,IR-->TL,IR-->TL,IR-->TL,IR-->TL,IR-->TL,IR-->TL,,,,,,,,,,,,,,,,,TL-->IR,TL-->IR,TL-->IR,TL-->IR,TL-->IR,TL-->IR,TL-->IR,TL-->IR,TL-->IR,TL-->IR,TL-->IR,TL-->IR,TL-->IR,TL-->IR,TL-->IR,TL-->IR,TL-->IR,TL-->IR,TL-->IR
IQ,IRQ,Iraq,Baghdad,Asia,Western Asia,,IQ-->TL,IQ-->TL,IQ-->TL,IQ-->TL,IQ-->TL,IQ-->TL,IQ-->TL,IQ-->TL,IQ-->TL,IQ-->TL,IQ-->TL,IQ-->TL,IQ-->TL,IQ-->TL,IQ-->TL,IQ-->TL,IQ-->TL,IQ-->TL,IQ-->TL,,,,,,,,,,,,,,,,,TL-->IQ,TL-->IQ,TL-->IQ,TL-->IQ,TL-->IQ,TL-->IQ,TL-->IQ,TL-->IQ,TL-->IQ,TL-->IQ,TL-->IQ,TL-->IQ,TL-->IQ,TL-->IQ,TL-->IQ,TL-->IQ,TL-->IQ,TL-->IQ,TL-->IQ
IE,IRL,Republic of Ireland,Dublin,Europe,Northern Europe,,IE-->TL,IE-->TL,IE-->TL,IE-->TL,IE-->TL,IE-->TL,IE-->TL,IE-->TL,IE-->TL,IE-->TL,IE-->TL,IE-->TL,IE-->TL,IE-->TL,IE-->TL,IE-->TL,IE-->TL,IE-->TL,IE-->TL,,,,,,,,,,,,,,,,,TL-->IE,TL-->IE,TL-->IE,TL-->IE,TL-->IE,TL-->IE,TL-->IE,TL-->IE,TL-->IE,TL-->IE,TL-->IE,TL-->IE,TL-->IE,TL-->IE,TL-->IE,TL-->IE,TL-->IE,TL-->IE,TL-->IE
IM,IMN,Isle of Man,Douglas,Europe,Northern Europe,,IM-->TL,IM-->TL,IM-->TL,IM-->TL,IM-->TL,IM-->TL,IM-->TL,IM-->TL,IM-->TL,IM-->TL,IM-->TL,IM-->TL,IM-->TL,IM-->TL,IM-->TL,IM-->TL,IM-->TL,IM-->TL,IM-->TL,,,,,,,,,,,,,,,,,TL-->IM,TL-->IM,TL-->IM,TL-->IM,TL-->IM,TL-->IM,TL-->IM,TL-->IM,TL-->IM,TL-->IM,TL-->IM,TL-->IM,TL-->IM,TL-->IM,TL-->IM,TL-->IM,TL-->IM,TL-->IM,TL-->IM
IL,ISR,Israel,Jerusalem,Asia,Western Asia,,IL-->TL,IL-->TL,IL-->TL,IL-->TL,IL-->TL,IL-->TL,IL-->TL,IL-->TL,IL-->TL,IL-->TL,IL-->TL,IL-->TL,IL-->TL,IL-->TL,IL-->TL,IL-->TL,IL-->TL,IL-->TL,IL-->TL,,,,,,,,,,,,,,,,,TL-->IL,TL-->IL,TL-->IL,TL-->IL,TL-->IL,TL-->IL,TL-->IL,TL-->IL,TL-->IL,TL-->IL,TL-->IL,TL-->IL,TL-->IL,TL-->IL,TL-->IL,TL-->IL,TL-->IL,TL-->IL,TL-->IL
IT,ITA,Italy,Rome,Europe,Southern Europe,,IT-->TL,IT-->TL,IT-->TL,IT-->TL,IT-->TL,IT-->TL,IT-->TL,IT-->TL,IT-->TL,IT-->TL,IT-->TL,IT-->TL,IT-->TL,IT-->TL,IT-->TL,IT-->TL,IT-->TL,IT-->TL,IT-->TL,,,,,,,,,,,,,,,,,TL-->IT,TL-->IT,TL-->IT,TL-->IT,TL-->IT,TL-->IT,TL-->IT,TL-->IT,TL-->IT,TL-->IT,TL-->IT,TL-->IT,TL-->IT,TL-->IT,TL-->IT,TL-->IT,TL-->IT,TL-->IT,TL-->IT
JM,JAM,Jamaica,Kingston,Americas,Caribbean,,JM-->TL,JM-->TL,JM-->TL,JM-->TL,JM-->TL,JM-->TL,JM-->TL,JM-->TL,JM-->TL,JM-->TL,JM-->TL,JM-->TL,JM-->TL,JM-->TL,JM-->TL,JM-->TL,JM-->TL,JM-->TL,JM-->TL,,,,,,,,,,,,,,,,,TL-->JM,TL-->JM,TL-->JM,TL-->JM,TL-->JM,TL-->JM,TL-->JM,TL-->JM,TL-->JM,TL-->JM,TL-->JM,TL-->JM,TL-->JM,TL-->JM,TL-->JM,TL-->JM,TL-->JM,TL-->JM,TL-->JM
JP,JPN,Japan,Tokyo,Asia,Eastern Asia,,JP-->TL,JP-->TL,JP-->TL,JP-->TL,JP-->TL,JP-->TL,JP-->TL,JP-->TL,JP-->TL,JP-->TL,JP-->TL,JP-->TL,JP-->TL,JP-->TL,JP-->TL,JP-->TL,JP-->TL,JP-->TL,JP-->TL,,,,,,,,,,,,,,,,,TL-->JP,TL-->JP,TL-->JP,TL-->JP,TL-->JP,TL-->JP,TL-->JP,TL-->JP,TL-->JP,TL-->JP,TL-->JP,TL-->JP,TL-->JP,TL-->JP,TL-->JP,TL-->JP,TL-->JP,TL-->JP,TL-->JP
JE,JEY,Jersey,Saint Helier,Europe,Northern Europe,,JE-->TL,JE-->TL,JE-->TL,JE-->TL,JE-->TL,JE-->TL,JE-->TL,JE-->TL,JE-->TL,JE-->TL,JE-->TL,JE-->TL,JE-->TL,JE-->TL,JE-->TL,JE-->TL,JE-->TL,JE-->TL,JE-->TL,,,,,,,,,,,,,,,,,TL-->JE,TL-->JE,TL-->JE,TL-->JE,TL-->JE,TL-->JE,TL-->JE,TL-->JE,TL-->JE,TL-->JE,TL-->JE,TL-->JE,TL-->JE,TL-->JE,TL-->JE,TL-->JE,TL-->JE,TL-->JE,TL-->JE
JO,JOR,Jordan,Amman,Asia,Western Asia,,JO-->TL,JO-->TL,JO-->TL,JO-->TL,JO-->TL,JO-->TL,JO-->TL,JO-->TL,JO-->TL,JO-->TL,JO-->TL,JO-->TL,JO-->TL,JO-->TL,JO-->TL,JO-->TL,JO-->TL,JO-->TL,JO-->TL,,,,,,,,,,,,,,,,,TL-->JO,TL-->JO,TL-->JO,TL-->JO,TL-->JO,TL-->JO,TL-->JO,TL-->JO,TL-->JO,TL-->JO,TL-->JO,TL-->JO,TL-->JO,TL-->JO,TL-->JO,TL-->JO,TL-->JO,TL-->JO,TL-->JO
KZ,KAZ,Kazakhstan,Astana,Asia,Central Asia,,KZ-->TL,KZ-->TL,KZ-->TL,KZ-->TL,KZ-->TL,KZ-->TL,KZ-->TL,KZ-->TL,KZ-->TL,KZ-->TL,KZ-->TL,KZ-->TL,KZ-->TL,KZ-->TL,KZ-->TL,KZ-->TL,KZ-->TL,KZ-->TL,KZ-->TL,,,,,,,,,,,,,,,,,TL-->KZ,TL-->KZ,TL-->KZ,TL-->KZ,TL-->KZ,TL-->KZ,TL-->KZ,TL-->KZ,TL-->KZ,TL-->KZ,TL-->KZ,TL-->KZ,TL-->KZ,TL-->KZ,TL-->KZ,TL-->KZ,TL-->KZ,TL-->KZ,TL-->KZ
KE,KEN,Kenya,Nairobi,Africa,Eastern Africa,,KE-->TL,KE-->TL,KE-->TL,KE-->TL,KE-->TL,KE-->TL,KE-->TL,KE-->TL,KE-->TL,KE-->TL,KE-->TL,KE-->TL,KE-->TL,KE-->TL,KE-->TL,KE-->TL,KE-->TL,KE-->TL,KE-->TL,,,,,,,,,,,,,,,,,TL-->KE,TL-->KE,TL-->KE,TL-->KE,TL-->KE,TL-->KE,TL-->KE,TL-->KE,TL-->KE,TL-->KE,TL-->KE,TL-->KE,TL-->KE,TL-->KE,TL-->KE,TL-->KE,TL-->KE,TL-->KE,TL-->KE
KI,KIR,Kiribati,South Tarawa,Oceania,Micronesia,,KI-->TL,KI-->TL,KI-->TL,KI-->TL,KI-->TL,KI-->TL,KI-->TL,KI-->TL,KI-->TL,KI-->TL,KI-->TL,KI-->TL,KI-->TL,KI-->TL,KI-->TL,KI-->TL,KI-->TL,KI-->TL,KI-->TL,,,,,,,,,,,,,,,,,TL-->KI,TL-->KI,TL-->KI,TL-->KI,TL-->KI,TL-->KI,TL-->KI,TL-->KI,TL-->KI,TL-->KI,TL-->KI,TL-->KI,TL-->KI,TL-->KI,TL-->KI,TL-->KI,TL-->KI,TL-->KI,TL-->KI
KW,KWT,Kuwait,Kuwait City,Asia,Western Asia,,KW-->TL,KW-->TL,KW-->TL,KW-->TL,KW-->TL,KW-->TL,KW-->TL,KW-->TL,KW-->TL,KW-->TL,KW-->TL,KW-->TL,KW-->TL,KW-->TL,KW-->TL,KW-->TL,KW-->TL,KW-->TL,KW-->TL,,,,,,,,,,,,,,,,,TL-->KW,TL-->KW,TL-->KW,TL-->KW,TL-->KW,TL-->KW,TL-->KW,TL-->KW,TL-->KW,TL-->KW,TL-->KW,TL-->KW,TL-->KW,TL-->KW,TL-->KW,TL-->KW,TL-->KW,TL-->KW,TL-->KW
KG,KGZ,Kyrgyzstan,Bishkek,Asia,Central Asia,,KG-->TL,KG-->TL,KG-->TL,KG-->TL,KG-->TL,KG-->TL,KG-->TL,KG-->TL,KG-->TL,KG-->TL,KG-->TL,KG-->TL,KG-->TL,KG-->TL,KG-->TL,KG-->TL,KG-->TL,KG-->TL,KG-->TL,,,,,,,,,,,,,,,,,TL-->KG,TL-->KG,TL-->KG,TL-->KG,TL-->KG,TL-->KG,TL-->KG,TL-->KG,TL-->KG,TL-->KG,TL-->KG,TL-->KG,TL-->KG,TL-->KG,TL-->KG,TL-->KG,TL-->KG,TL-->KG,TL-->KG
LA,LAO,Laos,Vientiane,Asia,South-Eastern Asia,,LA-->TL,LA-->TL,LA-->TL,LA-->TL,LA-->TL,LA-->TL,LA-->TL,LA-->TL,LA-->TL,LA-->TL,LA-->TL,LA-->TL,LA-->TL,LA-->TL,LA-->TL,LA-->TL,LA-->TL,LA-->TL,LA-->TL,,,,,,,,,,,,,,,,,TL-->LA,TL-->LA,TL-->LA,TL-->LA,TL-->LA,TL-->LA,TL-->LA,TL-->LA,TL-->LA,TL-->LA,TL-->LA,TL-->LA,TL-->LA,TL-->LA,TL-->LA,TL-->LA,TL-->LA,TL-->LA,TL-->LA
LV,LVA,Latvia,Riga,Europe,Northern Europe,,LV-->TL,LV-->TL,LV-->TL,LV-->TL,LV-->TL,LV-->TL,LV-->TL,LV-->TL,LV-->TL,LV-->TL,LV-->TL,LV-->TL,LV-->TL,LV-->TL,LV-->TL,LV-->TL,LV-->TL,LV-->TL,LV-->TL,,,,,,,,,,,,,,,,,TL-->LV,TL-->LV,TL-->LV,TL-->LV,TL-->LV,TL-->LV,TL-->LV,TL-->LV,TL-->LV,TL-->LV,TL-->LV,TL-->LV,TL-->LV,TL-->LV,TL-->LV,TL-->LV,TL-->LV,TL-->LV,TL-->LV
LB,LBN,Lebanon,Beirut,Asia,Western Asia,,LB-->TL,LB-->TL,LB-->TL,LB-->TL,LB-->TL,LB-->TL,LB-->TL,LB-->TL,LB-->TL,LB-->TL,LB-->TL,LB-->TL,LB-->TL,LB-->TL,LB-->TL,LB-->TL,LB-->TL,LB-->TL,LB-->TL,,,,,,,,,,,,,,,,,TL-->LB,TL-->LB,TL-->LB,TL-->LB,TL-->LB,TL-->LB,TL-->LB,TL-->LB,TL-->LB,TL-->LB,TL-->LB,TL-->LB,TL-->LB,TL-->LB,TL-->LB,TL-->LB,TL-->LB,TL-->LB,TL-->LB
LS,LSO,Lesotho,Maseru,Africa,Southern Africa,,LS-->TL,LS-->TL,LS-->TL,LS-->TL,LS-->TL,LS-->TL,LS-->TL,LS-->TL,LS-->TL,LS-->TL,LS-->TL,LS-->TL,LS-->TL,LS-->TL,LS-->TL,LS-->TL,LS-->TL,LS-->TL,LS-->TL,,,,,,,,,,,,,,,,,TL-->LS,TL-->LS,TL-->LS,TL-->LS,TL-->LS,TL-->LS,TL-->LS,TL-->LS,TL-->LS,TL-->LS,TL-->LS,TL-->LS,TL-->LS,TL-->LS,TL-->LS,TL-->LS,TL-->LS,TL-->LS,TL-->LS
LR,LBR,Liberia,Monrovia,Africa,Western Africa,,LR-->TL,LR-->TL,LR-->TL,LR-->TL,LR-->TL,LR-->TL,LR-->TL,LR-->TL,LR-->TL,LR-->TL,LR-->TL,LR-->TL,LR-->TL,LR-->TL,LR-->TL,LR-->TL,LR-->TL,LR-->TL,LR-->TL,,,,,,,,,,,,,,,,,TL-->LR,TL-->LR,TL-->LR,TL-->LR,TL-->LR,TL-->LR,TL-->LR,TL-->LR,TL-->LR,TL-->LR,TL-->LR,TL-->LR,TL-->LR,TL-->LR,TL-->LR,TL-->LR,TL-->LR,TL-->LR,TL-->LR
LY,LBY,Libya,Tripoli,Africa,Northern Africa,,LY-->TL,LY-->TL,LY-->TL,LY-->TL,LY-->TL,LY-->TL,LY-->TL,LY-->TL,LY-->TL,LY-->TL,LY-->TL,LY-->TL,LY-->TL,LY-->TL,LY-->TL,LY-->TL,LY-->TL,LY-->TL,LY-->TL,,,,,,,,,,,,,,,,,TL-->LY,TL-->LY,TL-->LY,TL-->LY,TL-->LY,TL-->LY,TL-->LY,TL-->LY,TL-->LY,TL-->LY,TL-->LY,TL-->LY,TL-->LY,TL-->LY,TL-->LY,TL-->LY,TL-->LY,TL-->LY,TL-->LY
LI,LIE,Liechtenstein,Vaduz,Europe,Western Europe,,LI-->TL,LI-->TL,LI-->TL,LI-->TL,LI-->TL,LI-->TL,LI-->TL,LI-->TL,LI-->TL,LI-->TL,LI-->TL,LI-->TL,LI-->TL,LI-->TL,LI-->TL,LI-->TL,LI-->TL,LI-->TL,LI-->TL,,,,,,,,,,,,,,,,,TL-->LI,TL-->LI,TL-->LI,TL-->LI,TL-->LI,TL-->LI,TL-->LI,TL-->LI,TL-->LI,TL-->LI,TL-->LI,TL-->LI,TL-->LI,TL-->LI,TL-->LI,TL-->LI,TL-->LI,TL-->LI,TL-->LI
LT,LTU,Lithuania,Vilnius,Europe,Northern Europe,,LT-->TL,LT-->TL,LT-->TL,LT-->TL,LT-->TL,LT-->TL,LT-->TL,LT-->TL,LT-->TL,LT-->TL,LT-->TL,LT-->TL,LT-->TL,LT-->TL,LT-->TL,LT-->TL,LT-->TL,LT-->TL,LT-->TL,,,,,,,,,,,,,,,,,TL-->LT,TL-->LT,TL-->LT,TL-->LT,TL-->LT,TL-->LT,TL-->LT,TL-->LT,TL-->LT,TL-->LT,TL-->LT,TL-->LT,TL-->LT,TL-->LT,TL-->LT,TL-->LT,TL-->LT,TL-->LT,TL-->LT
LU,LUX,Luxembourg,Luxembourg,Europe,Western Europe,,LU-->TL,LU-->TL,LU-->TL,LU-->TL,LU-->TL,LU-->TL,LU-->TL,LU-->TL,LU-->TL,LU-->TL,LU-->TL,LU-->TL,LU-->TL,LU-->TL,LU-->TL,LU-->TL,LU-->TL,LU-->TL,LU-->TL,,,,,,,,,,,,,,,,,TL-->LU,TL-->LU,TL-->LU,TL-->LU,TL-->LU,TL-->LU,TL-->LU,TL-->LU,TL-->LU,TL-->LU,TL-->LU,TL-->LU,TL-->LU,TL-->LU,TL-->LU,TL-->LU,TL-->LU,TL-->LU,TL-->LU
MO,MAC,Macau,,Asia,Eastern Asia,,MO-->TL,MO-->TL,MO-->TL,MO-->TL,MO-->TL,MO-->TL,MO-->TL,MO-->TL,MO-->TL,MO-->TL,MO-->TL,MO-->TL,MO-->TL,MO-->TL,MO-->TL,MO-->TL,MO-->TL,MO-->TL,MO-->TL,,,,,,,,,,,,,,,,,TL-->MO,TL-->MO,TL-->MO,TL-->MO,TL-->MO,TL-->MO,TL-->MO,TL-->MO,TL-->MO,TL-->MO,TL-->MO,TL-->MO,TL-->MO,TL-->MO,TL-->MO,TL-->MO,TL-->MO,TL-->MO,TL-->MO
MK,MKD,Republic of Macedonia,Skopje,Europe,Southern Europe,,MK-->TL,MK-->TL,MK-->TL,MK-->TL,MK-->TL,MK-->TL,MK-->TL,MK-->TL,MK-->TL,MK-->TL,MK-->TL,MK-->TL,MK-->TL,MK-->TL,MK-->TL,MK-->TL,MK-->TL,MK-->TL,MK-->TL,,,,,,,,,,,,,,,,,TL-->MK,TL-->MK,TL-->MK,TL-->MK,TL-->MK,TL-->MK,TL-->MK,TL-->MK,TL-->MK,TL-->MK,TL-->MK,TL-->MK,TL-->MK,TL-->MK,TL-->MK,TL-->MK,TL-->MK,TL-->MK,TL-->MK
MG,MDG,Madagascar,Antananarivo,Africa,Eastern Africa,,MG-->TL,MG-->TL,MG-->TL,MG-->TL,MG-->TL,MG-->TL,MG-->TL,MG-->TL,MG-->TL,MG-->TL,MG-->TL,MG-->TL,MG-->TL,MG-->TL,MG-->TL,MG-->TL,MG-->TL,MG-->TL,MG-->TL,,,,,,,,,,,,,,,,,TL-->MG,TL-->MG,TL-->MG,TL-->MG,TL-->MG,TL-->MG,TL-->MG,TL-->MG,TL-->MG,TL-->MG,TL-->MG,TL-->MG,TL-->MG,TL-->MG,TL-->MG,TL-->MG,TL-->MG,TL-->MG,TL-->MG
MW,MWI,Malawi,Lilongwe,Africa,Eastern Africa,,MW-->TL,MW-->TL,MW-->TL,MW-->TL,MW-->TL,MW-->TL,MW-->TL,MW-->TL,MW-->TL,MW-->TL,MW-->TL,MW-->TL,MW-->TL,MW-->TL,MW-->TL,MW-->TL,MW-->TL,MW-->TL,MW-->TL,,,,,,,,,,,,,,,,,TL-->MW,TL-->MW,TL-->MW,TL-->MW,TL-->MW,TL-->MW,TL-->MW,TL-->MW,TL-->MW,TL-->MW,TL-->MW,TL-->MW,TL-->MW,TL-->MW,TL-->MW,TL-->MW,TL-->MW,TL-->MW,TL-->MW
MY,MYS,Malaysia,Kuala Lumpur,Asia,South-Eastern Asia,,MY-->TL,MY-->TL,MY-->TL,MY-->TL,MY-->TL,MY-->TL,MY-->TL,MY-->TL,MY-->TL,MY-->TL,MY-->TL,MY-->TL,MY-->TL,MY-->TL,MY-->TL,MY-->TL,MY-->TL,MY-->TL,MY-->TL,,,,,,,,,,,,,,,,,TL-->MY,TL-->MY,TL-->MY,TL-->MY,TL-->MY,TL-->MY,TL-->MY,TL-->MY,TL-->MY,TL-->MY,TL-->MY,TL-->MY,TL-->MY,TL-->MY,TL-->MY,TL-->MY,TL-->MY,TL-->MY,TL-->MY
MV,MDV,Maldives,Malé,Asia,Southern Asia,,MV-->TL,MV-->TL,MV-->TL,MV-->TL,MV-->TL,MV-->TL,MV-->TL,MV-->TL,MV-->TL,MV-->TL,MV-->TL,MV-->TL,MV-->TL,MV-->TL,MV-->TL,MV-->TL,MV-->TL,MV-->TL,MV-->TL,,,,,,,,,,,,,,,,,TL-->MV,TL-->MV,TL-->MV,TL-->MV,TL-->MV,TL-->MV,TL-->MV,TL-->MV,TL-->MV,TL-->MV,TL-->MV,TL-->MV,TL-->MV,TL-->MV,TL-->MV,TL-->MV,TL-->MV,TL-->MV,TL-->MV
ML,MLI,Mali,Bamako,Africa,Western Africa,,ML-->TL,ML-->TL,ML-->TL,ML-->TL,ML-->TL,ML-->TL,ML-->TL,ML-->TL,ML-->TL,ML-->TL,ML-->TL,ML-->TL,ML-->TL,ML-->TL,ML-->TL,ML-->TL,ML-->TL,ML-->TL,ML-->TL,,,,,,,,,,,,,,,,,TL-->ML,TL-->ML,TL-->ML,TL-->ML,TL-->ML,TL-->ML,TL-->ML,TL-->ML,TL-->ML,TL-->ML,TL-->ML,TL-->ML,TL-->ML,TL-->ML,TL-->ML,TL-->ML,TL-->ML,TL-->ML,TL-->ML
MT,MLT,Malta,Valletta,Europe,Southern Europe,,MT-->TL,MT-->TL,MT-->TL,MT-->TL,MT-->TL,MT-->TL,MT-->TL,MT-->TL,MT-->TL,MT-->TL,MT-->TL,MT-->TL,MT-->TL,MT-->TL,MT-->TL,MT-->TL,MT-->TL,MT-->TL,MT-->TL,,,,,,,,,,,,,,,,,TL-->MT,TL-->MT,TL-->MT,TL-->MT,TL-->MT,TL-->MT,TL-->MT,TL-->MT,TL-->MT,TL-->MT,TL-->MT,TL-->MT,TL-->MT,TL-->MT,TL-->MT,TL-->MT,TL-->MT,TL-->MT,TL-->MT
MH,MHL,Marshall Islands,Majuro,Oceania,Micronesia,,MH-->TL,MH-->TL,MH-->TL,MH-->TL,MH-->TL,MH-->TL,MH-->TL,MH-->TL,MH-->TL,MH-->TL,MH-->TL,MH-->TL,MH-->TL,MH-->TL,MH-->TL,MH-->TL,MH-->TL,MH-->TL,MH-->TL,,,,,,,,,,,,,,,,,TL-->MH,TL-->MH,TL-->MH,TL-->MH,TL-->MH,TL-->MH,TL-->MH,TL-->MH,TL-->MH,TL-->MH,TL-->MH,TL-->MH,TL-->MH,TL-->MH,TL-->MH,TL-->MH,TL-->MH,TL-->MH,TL-->MH
MQ,MTQ,Martinique,Fort-de-France,Americas,Caribbean,,MQ-->TL,MQ-->TL,MQ-->TL,MQ-->TL,MQ-->TL,MQ-->TL,MQ-->TL,MQ-->TL,MQ-->TL,MQ-->TL,MQ-->TL,MQ-->TL,MQ-->TL,MQ-->TL,MQ-->TL,MQ-->TL,MQ-->TL,MQ-->TL,MQ-->TL,,,,,,,,,,,,,,,,,TL-->MQ,TL-->MQ,TL-->MQ,TL-->MQ,TL-->MQ,TL-->MQ,TL-->MQ,TL-->MQ,TL-->MQ,TL-->MQ,TL-->MQ,TL-->MQ,TL-->MQ,TL-->MQ,TL-->MQ,TL-->MQ,TL-->MQ,TL-->MQ,TL-->MQ
MR,MRT,Mauritania,Nouakchott,Africa,Western Africa,,MR-->TL,MR-->TL,MR-->TL,MR-->TL,MR-->TL,MR-->TL,MR-->TL,MR-->TL,MR-->TL,MR-->TL,MR-->TL,MR-->TL,MR-->TL,MR-->TL,MR-->TL,MR-->TL,MR-->TL,MR-->TL,MR-->TL,0.0,,,,,,,,,,,,,,,,TL-->MR,TL-->MR,TL-->MR,TL-->MR,TL-->MR,TL-->MR,TL-->MR,TL-->MR,TL-->MR,TL-->MR,TL-->MR,TL-->MR,TL-->MR,TL-->MR,TL-->MR,TL-->MR,TL-->MR,TL-->MR,TL-->MR
MU,MUS,Mauritius,Port Louis,Africa,Eastern Africa,,MU-->TL,MU-->TL,MU-->TL,MU-->TL,MU-->TL,MU-->TL,MU-->TL,MU-->TL,MU-->TL,MU-->TL,MU-->TL,MU-->TL,MU-->TL,MU-->TL,MU-->TL,MU-->TL,MU-->TL,MU-->TL,MU-->TL,,,,,,,,,,,,,,,,,TL-->MU,TL-->MU,TL-->MU,TL-->MU,TL-->MU,TL-->MU,TL-->MU,TL-->MU,TL-->MU,TL-->MU,TL-->MU,TL-->MU,TL-->MU,TL-->MU,TL-->MU,TL-->MU,TL-->MU,TL-->MU,TL-->MU
YT,MYT,Mayotte,Mamoudzou,Africa,Eastern Africa,,YT-->TL,YT-->TL,YT-->TL,YT-->TL,YT-->TL,YT-->TL,YT-->TL,YT-->TL,YT-->TL,YT-->TL,YT-->TL,YT-->TL,YT-->TL,YT-->TL,YT-->TL,YT-->TL,YT-->TL,YT-->TL,YT-->TL,,,,,,,,,,,,,,,,,TL-->YT,TL-->YT,TL-->YT,TL-->YT,TL-->YT,TL-->YT,TL-->YT,TL-->YT,TL-->YT,TL-->YT,TL-->YT,TL-->YT,TL-->YT,TL-->YT,TL-->YT,TL-->YT,TL-->YT,TL-->YT,TL-->YT
MX,MEX,Mexico,Mexico City,Americas,Central America,,MX-->TL,MX-->TL,MX-->TL,MX-->TL,MX-->TL,MX-->TL,MX-->TL,MX-->TL,MX-->TL,MX-->TL,MX-->TL,MX-->TL,MX-->TL,MX-->TL,MX-->TL,MX-->TL,MX-->TL,MX-->TL,MX-->TL,,,,,,,,,,,,,,,,,TL-->MX,TL-->MX,TL-->MX,TL-->MX,TL-->MX,TL-->MX,TL-->MX,TL-->MX,TL-->MX,TL-->MX,TL-->MX,TL-->MX,TL-->MX,TL-->MX,TL-->MX,TL-->MX,TL-->MX,TL-->MX,TL-->MX
FM,FSM,Federated States of Micronesia,Palikir,Oceania,Micronesia,,FM-->TL,FM-->TL,FM-->TL,FM-->TL,FM-->TL,FM-->TL,FM-->TL,FM-->TL,FM-->TL,FM-->TL,FM-->TL,FM-->TL,FM-->TL,FM-->TL,FM-->TL,FM-->TL,FM-->TL,FM-->TL,FM-->TL,,,,,,,,,,,,,,,,,TL-->FM,TL-->FM,TL-->FM,TL-->FM,TL-->FM,TL-->FM,TL-->FM,TL-->FM,TL-->FM,TL-->FM,TL-->FM,TL-->FM,TL-->FM,TL-->FM,TL-->FM,TL-->FM,TL-->FM,TL-->FM,TL-->FM
MD,MDA,Moldova,Chișinău,Europe,Eastern Europe,,MD-->TL,MD-->TL,MD-->TL,MD-->TL,MD-->TL,MD-->TL,MD-->TL,MD-->TL,MD-->TL,MD-->TL,MD-->TL,MD-->TL,MD-->TL,MD-->TL,MD-->TL,MD-->TL,MD-->TL,MD-->TL,MD-->TL,,,,,,,,,,,,,,,,,TL-->MD,TL-->MD,TL-->MD,TL-->MD,TL-->MD,TL-->MD,TL-->MD,TL-->MD,TL-->MD,TL-->MD,TL-->MD,TL-->MD,TL-->MD,TL-->MD,TL-->MD,TL-->MD,TL-->MD,TL-->MD,TL-->MD
MC,MCO,Monaco,Monaco,Europe,Western Europe,,MC-->TL,MC-->TL,MC-->TL,MC-->TL,MC-->TL,MC-->TL,MC-->TL,MC-->TL,MC-->TL,MC-->TL,MC-->TL,MC-->TL,MC-->TL,MC-->TL,MC-->TL,MC-->TL,MC-->TL,MC-->TL,MC-->TL,,,,,,,,,,,,,,,,,TL-->MC,TL-->MC,TL-->MC,TL-->MC,TL-->MC,TL-->MC,TL-->MC,TL-->MC,TL-->MC,TL-->MC,TL-->MC,TL-->MC,TL-->MC,TL-->MC,TL-->MC,TL-->MC,TL-->MC,TL-->MC,TL-->MC
MN,MNG,Mongolia,Ulan Bator,Asia,Eastern Asia,,MN-->TL,MN-->TL,MN-->TL,MN-->TL,MN-->TL,MN-->TL,MN-->TL,MN-->TL,MN-->TL,MN-->TL,MN-->TL,MN-->TL,MN-->TL,MN-->TL,MN-->TL,MN-->TL,MN-->TL,MN-->TL,MN-->TL,,,,,,,,,,,,,,,,,TL-->MN,TL-->MN,TL-->MN,TL-->MN,TL-->MN,TL-->MN,TL-->MN,TL-->MN,TL-->MN,TL-->MN,TL-->MN,TL-->MN,TL-->MN,TL-->MN,TL-->MN,TL-->MN,TL-->MN,TL-->MN,TL-->MN
ME,MNE,Montenegro,Podgorica,Europe,Southern Europe,,ME-->TL,ME-->TL,ME-->TL,ME-->TL,ME-->TL,ME-->TL,ME-->TL,ME-->TL,ME-->TL,ME-->TL,ME-->TL,ME-->TL,ME-->TL,ME-->TL,ME-->TL,ME-->TL,ME-->TL,ME-->TL,ME-->TL,,,,,,,,,,,,,,,,,TL-->ME,TL-->ME,TL-->ME,TL-->ME,TL-->ME,TL-->ME,TL-->ME,TL-->ME,TL-->ME,TL-->ME,TL-->ME,TL-->ME,TL-->ME,TL-->ME,TL-->ME,TL-->ME,TL-->ME,TL-->ME,TL-->ME
MS,MSR,Montserrat,Plymouth,Americas,Caribbean,,MS-->TL,MS-->TL,MS-->TL,MS-->TL,MS-->TL,MS-->TL,MS-->TL,MS-->TL,MS-->TL,MS-->TL,MS-->TL,MS-->TL,MS-->TL,MS-->TL,MS-->TL,MS-->TL,MS-->TL,MS-->TL,MS-->TL,,,,,,,,,,,,,,,,,TL-->MS,TL-->MS,TL-->MS,TL-->MS,TL-->MS,TL-->MS,TL-->MS,TL-->MS,TL-->MS,TL-->MS,TL-->MS,TL-->MS,TL-->MS,TL-->MS,TL-->MS,TL-->MS,TL-->MS,TL-->MS,TL-->MS
MA,MAR,Morocco,Rabat,Africa,Northern Africa,,MA-->TL,MA-->TL,MA-->TL,MA-->TL,MA-->TL,MA-->TL,MA-->TL,MA-->TL,MA-->TL,MA-->TL,MA-->TL,MA-->TL,MA-->TL,MA-->TL,MA-->TL,MA-->TL,MA-->TL,MA-->TL,MA-->TL,,,,,,,,,,,,,,,,,TL-->MA,TL-->MA,TL-->MA,TL-->MA,TL-->MA,TL-->MA,TL-->MA,TL-->MA,TL-->MA,TL-->MA,TL-->MA,TL-->MA,TL-->MA,TL-->MA,TL-->MA,TL-->MA,TL-->MA,TL-->MA,TL-->MA
MZ,MOZ,Mozambique,Maputo,Africa,Eastern Africa,,MZ-->TL,MZ-->TL,MZ-->TL,MZ-->TL,MZ-->TL,MZ-->TL,MZ-->TL,MZ-->TL,MZ-->TL,MZ-->TL,MZ-->TL,MZ-->TL,MZ-->TL,MZ-->TL,MZ-->TL,MZ-->TL,MZ-->TL,MZ-->TL,MZ-->TL,,,,,,,,,,,,,,,,,TL-->MZ,TL-->MZ,TL-->MZ,TL-->MZ,TL-->MZ,TL-->MZ,TL-->MZ,TL-->MZ,TL-->MZ,TL-->MZ,TL-->MZ,TL-->MZ,TL-->MZ,TL-->MZ,TL-->MZ,TL-->MZ,TL-->MZ,TL-->MZ,TL-->MZ
MM,MMR,Myanmar,Naypyidaw,Asia,South-Eastern Asia,,MM-->TL,MM-->TL,MM-->TL,MM-->TL,MM-->TL,MM-->TL,MM-->TL,MM-->TL,MM-->TL,MM-->TL,MM-->TL,MM-->TL,MM-->TL,MM-->TL,MM-->TL,MM-->TL,MM-->TL,MM-->TL,MM-->TL,,,,,,,,,,,,,,,,,TL-->MM,TL-->MM,TL-->MM,TL-->MM,TL-->MM,TL-->MM,TL-->MM,TL-->MM,TL-->MM,TL-->MM,TL-->MM,TL-->MM,TL-->MM,TL-->MM,TL-->MM,TL-->MM,TL-->MM,TL-->MM,TL-->MM
,NAM,Namibia,Windhoek,Africa,Southern Africa,,NA-->TL,NA-->TL,NA-->TL,NA-->TL,NA-->TL,NA-->TL,NA-->TL,NA-->TL,NA-->TL,NA-->TL,NA-->TL,NA-->TL,NA-->TL,NA-->TL,NA-->TL,NA-->TL,NA-->TL,NA-->TL,NA-->TL,,,,,,,,,,,,,,,,,TL-->NA,TL-->NA,TL-->NA,TL-->NA,TL-->NA,TL-->NA,TL-->NA,TL-->NA,TL-->NA,TL-->NA,TL-->NA,TL-->NA,TL-->NA,TL-->NA,TL-->NA,TL-->NA,TL-->NA,TL-->NA,TL-->NA
NR,NRU,Nauru,Yaren,Oceania,Micronesia,,NR-->TL,NR-->TL,NR-->TL,NR-->TL,NR-->TL,NR-->TL,NR-->TL,NR-->TL,NR-->TL,NR-->TL,NR-->TL,NR-->TL,NR-->TL,NR-->TL,NR-->TL,NR-->TL,NR-->TL,NR-->TL,NR-->TL,,,,,,,,,,,,,,,,,TL-->NR,TL-->NR,TL-->NR,TL-->NR,TL-->NR,TL-->NR,TL-->NR,TL-->NR,TL-->NR,TL-->NR,TL-->NR,TL-->NR,TL-->NR,TL-->NR,TL-->NR,TL-->NR,TL-->NR,TL-->NR,TL-->NR
NP,NPL,Nepal,Kathmandu,Asia,Southern Asia,,NP-->TL,NP-->TL,NP-->TL,NP-->TL,NP-->TL,NP-->TL,NP-->TL,NP-->TL,NP-->TL,NP-->TL,NP-->TL,NP-->TL,NP-->TL,NP-->TL,NP-->TL,NP-->TL,NP-->TL,NP-->TL,NP-->TL,,,,,,,,,,,,,,,,,TL-->NP,TL-->NP,TL-->NP,TL-->NP,TL-->NP,TL-->NP,TL-->NP,TL-->NP,TL-->NP,TL-->NP,TL-->NP,TL-->NP,TL-->NP,TL-->NP,TL-->NP,TL-->NP,TL-->NP,TL-->NP,TL-->NP
NL,NLD,Netherlands,Amsterdam,Europe,Western Europe,,NL-->TL,NL-->TL,NL-->TL,NL-->TL,NL-->TL,NL-->TL,NL-->TL,NL-->TL,NL-->TL,NL-->TL,NL-->TL,NL-->TL,NL-->TL,NL-->TL,NL-->TL,NL-->TL,NL-->TL,NL-->TL,NL-->TL,,,,,,,,,,,,,,,,,TL-->NL,TL-->NL,TL-->NL,TL-->NL,TL-->NL,TL-->NL,TL-->NL,TL-->NL,TL-->NL,TL-->NL,TL-->NL,TL-->NL,TL-->NL,TL-->NL,TL-->NL,TL-->NL,TL-->NL,TL-->NL,TL-->NL
NC,NCL,New Caledonia,Nouméa,Oceania,Melanesia,,NC-->TL,NC-->TL,NC-->TL,NC-->TL,NC-->TL,NC-->TL,NC-->TL,NC-->TL,NC-->TL,NC-->TL,NC-->TL,NC-->TL,NC-->TL,NC-->TL,NC-->TL,NC-->TL,NC-->TL,NC-->TL,NC-->TL,,,,,,,,,,,,,,,,,TL-->NC,TL-->NC,TL-->NC,TL-->NC,TL-->NC,TL-->NC,TL-->NC,TL-->NC,TL-->NC,TL-->NC,TL-->NC,TL-->NC,TL-->NC,TL-->NC,TL-->NC,TL-->NC,TL-->NC,TL-->NC,TL-->NC
NZ,NZL,New Zealand,Wellington,Oceania,Australia and New Zealand,,NZ-->TL,NZ-->TL,NZ-->TL,NZ-->TL,NZ-->TL,NZ-->TL,NZ-->TL,NZ-->TL,NZ-->TL,NZ-->TL,NZ-->TL,NZ-->TL,NZ-->TL,NZ-->TL,NZ-->TL,NZ-->TL,NZ-->TL,NZ-->TL,NZ-->TL,,,,,,,,,,,,,,,,,TL-->NZ,TL-->NZ,TL-->NZ,TL-->NZ,TL-->NZ,TL-->NZ,TL-->NZ,TL-->NZ,TL-->NZ,TL-->NZ,TL-->NZ,TL-->NZ,TL-->NZ,TL-->NZ,TL-->NZ,TL-->NZ,TL-->NZ,TL-->NZ,TL-->NZ
NI,NIC,Nicaragua,Managua,Americas,Central America,,NI-->TL,NI-->TL,NI-->TL,NI-->TL,NI-->TL,NI-->TL,NI-->TL,NI-->TL,NI-->TL,NI-->TL,NI-->TL,NI-->TL,NI-->TL,NI-->TL,NI-->TL,NI-->TL,NI-->TL,NI-->TL,NI-->TL,,,,,,,,,,,,,,,,,TL-->NI,TL-->NI,TL-->NI,TL-->NI,TL-->NI,TL-->NI,TL-->NI,TL-->NI,TL-->NI,TL-->NI,TL-->NI,TL-->NI,TL-->NI,TL-->NI,TL-->NI,TL-->NI,TL-->NI,TL-->NI,TL-->NI
NE,NER,Niger,Niamey,Africa,Western Africa,,NE-->TL,NE-->TL,NE-->TL,NE-->TL,NE-->TL,NE-->TL,NE-->TL,NE-->TL,NE-->TL,NE-->TL,NE-->TL,NE-->TL,NE-->TL,NE-->TL,NE-->TL,NE-->TL,NE-->TL,NE-->TL,NE-->TL,,,,,,,,,,,,,,,,,TL-->NE,TL-->NE,TL-->NE,TL-->NE,TL-->NE,TL-->NE,TL-->NE,TL-->NE,TL-->NE,TL-->NE,TL-->NE,TL-->NE,TL-->NE,TL-->NE,TL-->NE,TL-->NE,TL-->NE,TL-->NE,TL-->NE
NG,NGA,Nigeria,Abuja,Africa,Western Africa,,NG-->TL,NG-->TL,NG-->TL,NG-->TL,NG-->TL,NG-->TL,NG-->TL,NG-->TL,NG-->TL,NG-->TL,NG-->TL,NG-->TL,NG-->TL,NG-->TL,NG-->TL,NG-->TL,NG-->TL,NG-->TL,NG-->TL,,,,,,,,,,,,,,,,,TL-->NG,TL-->NG,TL-->NG,TL-->NG,TL-->NG,TL-->NG,TL-->NG,TL-->NG,TL-->NG,TL-->NG,TL-->NG,TL-->NG,TL-->NG,TL-->NG,TL-->NG,TL-->NG,TL-->NG,TL-->NG,TL-->NG
NU,NIU,Niue,Alofi,Oceania,Polynesia,,NU-->TL,NU-->TL,NU-->TL,NU-->TL,NU-->TL,NU-->TL,NU-->TL,NU-->TL,NU-->TL,NU-->TL,NU-->TL,NU-->TL,NU-->TL,NU-->TL,NU-->TL,NU-->TL,NU-->TL,NU-->TL,NU-->TL,,,,,,,,,,,,,,,,,TL-->NU,TL-->NU,TL-->NU,TL-->NU,TL-->NU,TL-->NU,TL-->NU,TL-->NU,TL-->NU,TL-->NU,TL-->NU,TL-->NU,TL-->NU,TL-->NU,TL-->NU,TL-->NU,TL-->NU,TL-->NU,TL-->NU
NF,NFK,Norfolk Island,Kingston,Oceania,Australia and New Zealand,,NF-->TL,NF-->TL,NF-->TL,NF-->TL,NF-->TL,NF-->TL,NF-->TL,NF-->TL,NF-->TL,NF-->TL,NF-->TL,NF-->TL,NF-->TL,NF-->TL,NF-->TL,NF-->TL,NF-->TL,NF-->TL,NF-->TL,,,,,,,,,,,,,,,,,TL-->NF,TL-->NF,TL-->NF,TL-->NF,TL-->NF,TL-->NF,TL-->NF,TL-->NF,TL-->NF,TL-->NF,TL-->NF,TL-->NF,TL-->NF,TL-->NF,TL-->NF,TL-->NF,TL-->NF,TL-->NF,TL-->NF
KP,PRK,North Korea,Pyongyang,Asia,Eastern Asia,,KP-->TL,KP-->TL,KP-->TL,KP-->TL,KP-->TL,KP-->TL,KP-->TL,KP-->TL,KP-->TL,KP-->TL,KP-->TL,KP-->TL,KP-->TL,KP-->TL,KP-->TL,KP-->TL,KP-->TL,KP-->TL,KP-->TL,,,,,,,,,,,,,,,,,TL-->KP,TL-->KP,TL-->KP,TL-->KP,TL-->KP,TL-->KP,TL-->KP,TL-->KP,TL-->KP,TL-->KP,TL-->KP,TL-->KP,TL-->KP,TL-->KP,TL-->KP,TL-->KP,TL-->KP,TL-->KP,TL-->KP
MP,MNP,Northern Mariana Islands,Saipan,Oceania,Micronesia,,MP-->TL,MP-->TL,MP-->TL,MP-->TL,MP-->TL,MP-->TL,MP-->TL,MP-->TL,MP-->TL,MP-->TL,MP-->TL,MP-->TL,MP-->TL,MP-->TL,MP-->TL,MP-->TL,MP-->TL,MP-->TL,MP-->TL,,,,,,,,,,,,,,,,,TL-->MP,TL-->MP,TL-->MP,TL-->MP,TL-->MP,TL-->MP,TL-->MP,TL-->MP,TL-->MP,TL-->MP,TL-->MP,TL-->MP,TL-->MP,TL-->MP,TL-->MP,TL-->MP,TL-->MP,TL-->MP,TL-->MP
NO,NOR,Norway,Oslo,Europe,Northern Europe,,NO-->TL,NO-->TL,NO-->TL,NO-->TL,NO-->TL,NO-->TL,NO-->TL,NO-->TL,NO-->TL,NO-->TL,NO-->TL,NO-->TL,NO-->TL,NO-->TL,NO-->TL,NO-->TL,NO-->TL,NO-->TL,NO-->TL,,,,,,,,,,,,,,,,,TL-->NO,TL-->NO,TL-->NO,TL-->NO,TL-->NO,TL-->NO,TL-->NO,TL-->NO,TL-->NO,TL-->NO,TL-->NO,TL-->NO,TL-->NO,TL-->NO,TL-->NO,TL-->NO,TL-->NO,TL-->NO,TL-->NO
OM,OMN,Oman,Muscat,Asia,Western Asia,,OM-->TL,OM-->TL,OM-->TL,OM-->TL,OM-->TL,OM-->TL,OM-->TL,OM-->TL,OM-->TL,OM-->TL,OM-->TL,OM-->TL,OM-->TL,OM-->TL,OM-->TL,OM-->TL,OM-->TL,OM-->TL,OM-->TL,,,,,,,,,,,,,,,,,TL-->OM,TL-->OM,TL-->OM,TL-->OM,TL-->OM,TL-->OM,TL-->OM,TL-->OM,TL-->OM,TL-->OM,TL-->OM,TL-->OM,TL-->OM,TL-->OM,TL-->OM,TL-->OM,TL-->OM,TL-->OM,TL-->OM
PK,PAK,Pakistan,Islamabad,Asia,Southern Asia,,PK-->TL,PK-->TL,PK-->TL,PK-->TL,PK-->TL,PK-->TL,PK-->TL,PK-->TL,PK-->TL,PK-->TL,PK-->TL,PK-->TL,PK-->TL,PK-->TL,PK-->TL,PK-->TL,PK-->TL,PK-->TL,PK-->TL,,,,,,,,,,,,,,,,,TL-->PK,TL-->PK,TL-->PK,TL-->PK,TL-->PK,TL-->PK,TL-->PK,TL-->PK,TL-->PK,TL-->PK,TL-->PK,TL-->PK,TL-->PK,TL-->PK,TL-->PK,TL-->PK,TL-->PK,TL-->PK,TL-->PK
PW,PLW,Palau,Ngerulmud,Oceania,Micronesia,,PW-->TL,PW-->TL,PW-->TL,PW-->TL,PW-->TL,PW-->TL,PW-->TL,PW-->TL,PW-->TL,PW-->TL,PW-->TL,PW-->TL,PW-->TL,PW-->TL,PW-->TL,PW-->TL,PW-->TL,PW-->TL,PW-->TL,,,,,,,,,,,,,,,,,TL-->PW,TL-->PW,TL-->PW,TL-->PW,TL-->PW,TL-->PW,TL-->PW,TL-->PW,TL-->PW,TL-->PW,TL-->PW,TL-->PW,TL-->PW,TL-->PW,TL-->PW,TL-->PW,TL-->PW,TL-->PW,TL-->PW
PS,PSE,Palestine,Ramallah,Asia,Western Asia,,PS-->TL,PS-->TL,PS-->TL,PS-->TL,PS-->TL,PS-->TL,PS-->TL,PS-->TL,PS-->TL,PS-->TL,PS-->TL,PS-->TL,PS-->TL,PS-->TL,PS-->TL,PS-->TL,PS-->TL,PS-->TL,PS-->TL,,,,,,,,,,,,,,,,,TL-->PS,TL-->PS,TL-->PS,TL-->PS,TL-->PS,TL-->PS,TL-->PS,TL-->PS,TL-->PS,TL-->PS,TL-->PS,TL-->PS,TL-->PS,TL-->PS,TL-->PS,TL-->PS,TL-->PS,TL-->PS,TL-->PS
PA,PAN,Panama,Panama City,Americas,Central America,,PA-->TL,PA-->TL,PA-->TL,PA-->TL,PA-->TL,PA-->TL,PA-->TL,PA-->TL,PA-->TL,PA-->TL,PA-->TL,PA-->TL,PA-->TL,PA-->TL,PA-->TL,PA-->TL,PA-->TL,PA-->TL,PA-->TL,,,,,,,,,,,,,,,,,TL-->PA,TL-->PA,TL-->PA,TL-->PA,TL-->PA,TL-->PA,TL-->PA,TL-->PA,TL-->PA,TL-->PA,TL-->PA,TL-->PA,TL-->PA,TL-->PA,TL-->PA,TL-->PA,TL-->PA,TL-->PA,TL-->PA
PG,PNG,Papua New Guinea,Port Moresby,Oceania,Melanesia,,PG-->TL,PG-->TL,PG-->TL,PG-->TL,PG-->TL,PG-->TL,PG-->TL,PG-->TL,PG-->TL,PG-->TL,PG-->TL,PG-->TL,PG-->TL,PG-->TL,PG-->TL,PG-->TL,PG-->TL,PG-->TL,PG-->TL,,,,,,,,,,,,,,,,,TL-->PG,TL-->PG,TL-->PG,TL-->PG,TL-->PG,TL-->PG,TL-->PG,TL-->PG,TL-->PG,TL-->PG,TL-->PG,TL-->PG,TL-->PG,TL-->PG,TL-->PG,TL-->PG,TL-->PG,TL-->PG,TL-->PG
PY,PRY,Paraguay,Asunción,Americas,South America,,PY-->TL,PY-->TL,PY-->TL,PY-->TL,PY-->TL,PY-->TL,PY-->TL,PY-->TL,PY-->TL,PY-->TL,PY-->TL,PY-->TL,PY-->TL,PY-->TL,PY-->TL,PY-->TL,PY-->TL,PY-->TL,PY-->TL,,,,,,,,,,,,,,,,,TL-->PY,TL-->PY,TL-->PY,TL-->PY,TL-->PY,TL-->PY,TL-->PY,TL-->PY,TL-->PY,TL-->PY,TL-->PY,TL-->PY,TL-->PY,TL-->PY,TL-->PY,TL-->PY,TL-->PY,TL-->PY,TL-->PY
PE,PER,Peru,Lima,Americas,South America,,PE-->TL,PE-->TL,PE-->TL,PE-->TL,PE-->TL,PE-->TL,PE-->TL,PE-->TL,PE-->TL,PE-->TL,PE-->TL,PE-->TL,PE-->TL,PE-->TL,PE-->TL,PE-->TL,PE-->TL,PE-->TL,PE-->TL,,,,,,,,,,,,,,,,,TL-->PE,TL-->PE,TL-->PE,TL-->PE,TL-->PE,TL-->PE,TL-->PE,TL-->PE,TL-->PE,TL-->PE,TL-->PE,TL-->PE,TL-->PE,TL-->PE,TL-->PE,TL-->PE,TL-->PE,TL-->PE,TL-->PE
PH,PHL,Philippines,Manila,Asia,South-Eastern Asia,,PH-->TL,PH-->TL,PH-->TL,PH-->TL,PH-->TL,PH-->TL,PH-->TL,PH-->TL,PH-->TL,PH-->TL,PH-->TL,PH-->TL,PH-->TL,PH-->TL,PH-->TL,PH-->TL,PH-->TL,PH-->TL,PH-->TL,,,,,,,,,,,,,,,,,TL-->PH,TL-->PH,TL-->PH,TL-->PH,TL-->PH,TL-->PH,TL-->PH,TL-->PH,TL-->PH,TL-->PH,TL-->PH,TL-->PH,TL-->PH,TL-->PH,TL-->PH,TL-->PH,TL-->PH,TL-->PH,TL-->PH
PN,PCN,Pitcairn Islands,Adamstown,Oceania,Polynesia,,PN-->TL,PN-->TL,PN-->TL,PN-->TL,PN-->TL,PN-->TL,PN-->TL,PN-->TL,PN-->TL,PN-->TL,PN-->TL,PN-->TL,PN-->TL,PN-->TL,PN-->TL,PN-->TL,PN-->TL,PN-->TL,PN-->TL,,,,,,,,,,,,,,,,,TL-->PN,TL-->PN,TL-->PN,TL-->PN,TL-->PN,TL-->PN,TL-->PN,TL-->PN,TL-->PN,TL-->PN,TL-->PN,TL-->PN,TL-->PN,TL-->PN,TL-->PN,TL-->PN,TL-->PN,TL-->PN,TL-->PN
PL,POL,Poland,Warsaw,Europe,Eastern Europe,,PL-->TL,PL-->TL,PL-->TL,PL-->TL,PL-->TL,PL-->TL,PL-->TL,PL-->TL,PL-->TL,PL-->TL,PL-->TL,PL-->TL,PL-->TL,PL-->TL,PL-->TL,PL-->TL,PL-->TL,PL-->TL,PL-->TL,,,,,,,,,,,,,,,,,TL-->PL,TL-->PL,TL-->PL,TL-->PL,TL-->PL,TL-->PL,TL-->PL,TL-->PL,TL-->PL,TL-->PL,TL-->PL,TL-->PL,TL-->PL,TL-->PL,TL-->PL,TL-->PL,TL-->PL,TL-->PL,TL-->PL
PT,PRT,Portugal,Lisbon,Europe,Southern Europe,,PT-->TL,PT-->TL,PT-->TL,PT-->TL,PT-->TL,PT-->TL,PT-->TL,PT-->TL,PT-->TL,PT-->TL,PT-->TL,PT-->TL,PT-->TL,PT-->TL,PT-->TL,PT-->TL,PT-->TL,PT-->TL,PT-->TL,,,,,,,,,,,,,,,,,TL-->PT,TL-->PT,TL-->PT,TL-->PT,TL-->PT,TL-->PT,TL-->PT,TL-->PT,TL-->PT,TL-->PT,TL-->PT,TL-->PT,TL-->PT,TL-->PT,TL-->PT,TL-->PT,TL-->PT,TL-->PT,TL-->PT
PR,PRI,Puerto Rico,San Juan,Americas,Caribbean,,PR-->TL,PR-->TL,PR-->TL,PR-->TL,PR-->TL,PR-->TL,PR-->TL,PR-->TL,PR-->TL,PR-->TL,PR-->TL,PR-->TL,PR-->TL,PR-->TL,PR-->TL,PR-->TL,PR-->TL,PR-->TL,PR-->TL,,,,,,,,,,,,,,,,,TL-->PR,TL-->PR,TL-->PR,TL-->PR,TL-->PR,TL-->PR,TL-->PR,TL-->PR,TL-->PR,TL-->PR,TL-->PR,TL-->PR,TL-->PR,TL-->PR,TL-->PR,TL-->PR,TL-->PR,TL-->PR,TL-->PR
QA,QAT,Qatar,Doha,Asia,Western Asia,,QA-->TL,QA-->TL,QA-->TL,QA-->TL,QA-->TL,QA-->TL,QA-->TL,QA-->TL,QA-->TL,QA-->TL,QA-->TL,QA-->TL,QA-->TL,QA-->TL,QA-->TL,QA-->TL,QA-->TL,QA-->TL,QA-->TL,,,,,,,,,,,,,,,,,TL-->QA,TL-->QA,TL-->QA,TL-->QA,TL-->QA,TL-->QA,TL-->QA,TL-->QA,TL-->QA,TL-->QA,TL-->QA,TL-->QA,TL-->QA,TL-->QA,TL-->QA,TL-->QA,TL-->QA,TL-->QA,TL-->QA
XK,KOS,Republic of Kosovo,Pristina,Europe,Eastern Europe,,XK-->TL,XK-->TL,XK-->TL,XK-->TL,XK-->TL,XK-->TL,XK-->TL,XK-->TL,XK-->TL,XK-->TL,XK-->TL,XK-->TL,XK-->TL,XK-->TL,XK-->TL,XK-->TL,XK-->TL,XK-->TL,XK-->TL,,,,,,,,,,,,,,,,,TL-->XK,TL-->XK,TL-->XK,TL-->XK,TL-->XK,TL-->XK,TL-->XK,TL-->XK,TL-->XK,TL-->XK,TL-->XK,TL-->XK,TL-->XK,TL-->XK,TL-->XK,TL-->XK,TL-->XK,TL-->XK,TL-->XK
RE,REU,Réunion,Saint-Denis,Africa,Eastern Africa,,RE-->TL,RE-->TL,RE-->TL,RE-->TL,RE-->TL,RE-->TL,RE-->TL,RE-->TL,RE-->TL,RE-->TL,RE-->TL,RE-->TL,RE-->TL,RE-->TL,RE-->TL,RE-->TL,RE-->TL,RE-->TL,RE-->TL,,,,,,,,,,,,,,,,,TL-->RE,TL-->RE,TL-->RE,TL-->RE,TL-->RE,TL-->RE,TL-->RE,TL-->RE,TL-->RE,TL-->RE,TL-->RE,TL-->RE,TL-->RE,TL-->RE,TL-->RE,TL-->RE,TL-->RE,TL-->RE,TL-->RE
RO,ROU,Romania,Bucharest,Europe,Eastern Europe,,RO-->TL,RO-->TL,RO-->TL,RO-->TL,RO-->TL,RO-->TL,RO-->TL,RO-->TL,RO-->TL,RO-->TL,RO-->TL,RO-->TL,RO-->TL,RO-->TL,RO-->TL,RO-->TL,RO-->TL,RO-->TL,RO-->TL,,,,,,,,,,,,,,,,,TL-->RO,TL-->RO,TL-->RO,TL-->RO,TL-->RO,TL-->RO,TL-->RO,TL-->RO,TL-->RO,TL-->RO,TL-->RO,TL-->RO,TL-->RO,TL-->RO,TL-->RO,TL-->RO,TL-->RO,TL-->RO,TL-->RO
RU,RUS,Russia,Moscow,Europe,Eastern Europe,,RU-->TL,RU-->TL,RU-->TL,RU-->TL,RU-->TL,RU-->TL,RU-->TL,RU-->TL,RU-->TL,RU-->TL,RU-->TL,RU-->TL,RU-->TL,RU-->TL,RU-->TL,RU-->TL,RU-->TL,RU-->TL,RU-->TL,,,,,,,,,,,,,,,,,TL-->RU,TL-->RU,TL-->RU,TL-->RU,TL-->RU,TL-->RU,TL-->RU,TL-->RU,TL-->RU,TL-->RU,TL-->RU,TL-->RU,TL-->RU,TL-->RU,TL-->RU,TL-->RU,TL-->RU,TL-->RU,TL-->RU
RW,RWA,Rwanda,Kigali,Africa,Eastern Africa,,RW-->TL,RW-->TL,RW-->TL,RW-->TL,RW-->TL,RW-->TL,RW-->TL,RW-->TL,RW-->TL,RW-->TL,RW-->TL,RW-->TL,RW-->TL,RW-->TL,RW-->TL,RW-->TL,RW-->TL,RW-->TL,RW-->TL,,,,,,,,,,,,,,,,,TL-->RW,TL-->RW,TL-->RW,TL-->RW,TL-->RW,TL-->RW,TL-->RW,TL-->RW,TL-->RW,TL-->RW,TL-->RW,TL-->RW,TL-->RW,TL-->RW,TL-->RW,TL-->RW,TL-->RW,TL-->RW,TL-->RW
BL,BLM,Saint Barthélemy,Gustavia,Americas,Caribbean,,BL-->TL,BL-->TL,BL-->TL,BL-->TL,BL-->TL,BL-->TL,BL-->TL,BL-->TL,BL-->TL,BL-->TL,BL-->TL,BL-->TL,BL-->TL,BL-->TL,BL-->TL,BL-->TL,BL-->TL,BL-->TL,BL-->TL,,,,,,,,,,,,,,,,,TL-->BL,TL-->BL,TL-->BL,TL-->BL,TL-->BL,TL-->BL,TL-->BL,TL-->BL,TL-->BL,TL-->BL,TL-->BL,TL-->BL,TL-->BL,TL-->BL,TL-->BL,TL-->BL,TL-->BL,TL-->BL,TL-->BL
SH,SHN,Saint Helena,Jamestown,Africa,Western Africa,,SH-->TL,SH-->TL,SH-->TL,SH-->TL,SH-->TL,SH-->TL,SH-->TL,SH-->TL,SH-->TL,SH-->TL,SH-->TL,SH-->TL,SH-->TL,SH-->TL,SH-->TL,SH-->TL,SH-->TL,SH-->TL,SH-->TL,,,,,,,,,,,,,,,,,TL-->SH,TL-->SH,TL-->SH,TL-->SH,TL-->SH,TL-->SH,TL-->SH,TL-->SH,TL-->SH,TL-->SH,TL-->SH,TL-->SH,TL-->SH,TL-->SH,TL-->SH,TL-->SH,TL-->SH,TL-->SH,TL-->SH
KN,KNA,Saint Kitts and Nevis,Basseterre,Americas,Caribbean,,KN-->TL,KN-->TL,KN-->TL,KN-->TL,KN-->TL,KN-->TL,KN-->TL,KN-->TL,KN-->TL,KN-->TL,KN-->TL,KN-->TL,KN-->TL,KN-->TL,KN-->TL,KN-->TL,KN-->TL,KN-->TL,KN-->TL,,,,,,,,,,,,,,,,,TL-->KN,TL-->KN,TL-->KN,TL-->KN,TL-->KN,TL-->KN,TL-->KN,TL-->KN,TL-->KN,TL-->KN,TL-->KN,TL-->KN,TL-->KN,TL-->KN,TL-->KN,TL-->KN,TL-->KN,TL-->KN,TL-->KN
LC,LCA,Saint Lucia,Castries,Americas,Caribbean,,LC-->TL,LC-->TL,LC-->TL,LC-->TL,LC-->TL,LC-->TL,LC-->TL,LC-->TL,LC-->TL,LC-->TL,LC-->TL,LC-->TL,LC-->TL,LC-->TL,LC-->TL,LC-->TL,LC-->TL,LC-->TL,LC-->TL,,,,,,,,,,,,,,,,,TL-->LC,TL-->LC,TL-->LC,TL-->LC,TL-->LC,TL-->LC,TL-->LC,TL-->LC,TL-->LC,TL-->LC,TL-->LC,TL-->LC,TL-->LC,TL-->LC,TL-->LC,TL-->LC,TL-->LC,TL-->LC,TL-->LC
MF,MAF,Saint Martin,Marigot,Americas,Caribbean,,MF-->TL,MF-->TL,MF-->TL,MF-->TL,MF-->TL,MF-->TL,MF-->TL,MF-->TL,MF-->TL,MF-->TL,MF-->TL,MF-->TL,MF-->TL,MF-->TL,MF-->TL,MF-->TL,MF-->TL,MF-->TL,MF-->TL,,,,,,,,,,,,,,,,,TL-->MF,TL-->MF,TL-->MF,TL-->MF,TL-->MF,TL-->MF,TL-->MF,TL-->MF,TL-->MF,TL-->MF,TL-->MF,TL-->MF,TL-->MF,TL-->MF,TL-->MF,TL-->MF,TL-->MF,TL-->MF,TL-->MF
PM,SPM,Saint Pierre and Miquelon,Saint-Pierre,Americas,Northern America,,PM-->TL,PM-->TL,PM-->TL,PM-->TL,PM-->TL,PM-->TL,PM-->TL,PM-->TL,PM-->TL,PM-->TL,PM-->TL,PM-->TL,PM-->TL,PM-->TL,PM-->TL,PM-->TL,PM-->TL,PM-->TL,PM-->TL,,,,,,,,,,,,,,,,,TL-->PM,TL-->PM,TL-->PM,TL-->PM,TL-->PM,TL-->PM,TL-->PM,TL-->PM,TL-->PM,TL-->PM,TL-->PM,TL-->PM,TL-->PM,TL-->PM,TL-->PM,TL-->PM,TL-->PM,TL-->PM,TL-->PM
VC,VCT,Saint Vincent and the Grenadines,Kingstown,Americas,Caribbean,,VC-->TL,VC-->TL,VC-->TL,VC-->TL,VC-->TL,VC-->TL,VC-->TL,VC-->TL,VC-->TL,VC-->TL,VC-->TL,VC-->TL,VC-->TL,VC-->TL,VC-->TL,VC-->TL,VC-->TL,VC-->TL,VC-->TL,,,,,,,,,,,,,,,,,TL-->VC,TL-->VC,TL-->VC,TL-->VC,TL-->VC,TL-->VC,TL-->VC,TL-->VC,TL-->VC,TL-->VC,TL-->VC,TL-->VC,TL-->VC,TL-->VC,TL-->VC,TL-->VC,TL-->VC,TL-->VC,TL-->VC
WS,WSM,Samoa,Apia,Oceania,Polynesia,,WS-->TL,WS-->TL,WS-->TL,WS-->TL,WS-->TL,WS-->TL,WS-->TL,WS-->TL,WS-->TL,WS-->TL,WS-->TL,WS-->TL,WS-->TL,WS-->TL,WS-->TL,WS-->TL,WS-->TL,WS-->TL,WS-->TL,,,,,,,,,,,,,,,,,TL-->WS,TL-->WS,TL-->WS,TL-->WS,TL-->WS,TL-->WS,TL-->WS,TL-->WS,TL-->WS,TL-->WS,TL-->WS,TL-->WS,TL-->WS,TL-->WS,TL-->WS,TL-->WS,TL-->WS,TL-->WS,TL-->WS
SM,SMR,San Marino,City of San Marino,Europe,Southern Europe,,SM-->TL,SM-->TL,SM-->TL,SM-->TL,SM-->TL,SM-->TL,SM-->TL,SM-->TL,SM-->TL,SM-->TL,SM-->TL,SM-->TL,SM-->TL,SM-->TL,SM-->TL,SM-->TL,SM-->TL,SM-->TL,SM-->TL,,,,,,,,,,,,,,,,,TL-->SM,TL-->SM,TL-->SM,TL-->SM,TL-->SM,TL-->SM,TL-->SM,TL-->SM,TL-->SM,TL-->SM,TL-->SM,TL-->SM,TL-->SM,TL-->SM,TL-->SM,TL-->SM,TL-->SM,TL-->SM,TL-->SM
ST,STP,São Tomé and Príncipe,São Tomé,Africa,Middle Africa,,ST-->TL,ST-->TL,ST-->TL,ST-->TL,ST-->TL,ST-->TL,ST-->TL,ST-->TL,ST-->TL,ST-->TL,ST-->TL,ST-->TL,ST-->TL,ST-->TL,ST-->TL,ST-->TL,ST-->TL,ST-->TL,ST-->TL,,,,,,,,,,,,,,,,,TL-->ST,TL-->ST,TL-->ST,TL-->ST,TL-->ST,TL-->ST,TL-->ST,TL-->ST,TL-->ST,TL-->ST,TL-->ST,TL-->ST,TL-->ST,TL-->ST,TL-->ST,TL-->ST,TL-->ST,TL-->ST,TL-->ST
SA,SAU,Saudi Arabia,Riyadh,Asia,Western Asia,,SA-->TL,SA-->TL,SA-->TL,SA-->TL,SA-->TL,SA-->TL,SA-->TL,SA-->TL,SA-->TL,SA-->TL,SA-->TL,SA-->TL,SA-->TL,SA-->TL,SA-->TL,SA-->TL,SA-->TL,SA-->TL,SA-->TL,,,,,,,,,,,,,,,,,TL-->SA,TL-->SA,TL-->SA,TL-->SA,TL-->SA,TL-->SA,TL-->SA,TL-->SA,TL-->SA,TL-->SA,TL-->SA,TL-->SA,TL-->SA,TL-->SA,TL-->SA,TL-->SA,TL-->SA,TL-->SA,TL-->SA
SN,SEN,Senegal,Dakar,Africa,Western Africa,,SN-->TL,SN-->TL,SN-->TL,SN-->TL,SN-->TL,SN-->TL,SN-->TL,SN-->TL,SN-->TL,SN-->TL,SN-->TL,SN-->TL,SN-->TL,SN-->TL,SN-->TL,SN-->TL,SN-->TL,SN-->TL,SN-->TL,,,,,,,,,,,,,,,,,TL-->SN,TL-->SN,TL-->SN,TL-->SN,TL-->SN,TL-->SN,TL-->SN,TL-->SN,TL-->SN,TL-->SN,TL-->SN,TL-->SN,TL-->SN,TL-->SN,TL-->SN,TL-->SN,TL-->SN,TL-->SN,TL-->SN
RS,SRB,Serbia,Belgrade,Europe,Southern Europe,,RS-->TL,RS-->TL,RS-->TL,RS-->TL,RS-->TL,RS-->TL,RS-->TL,RS-->TL,RS-->TL,RS-->TL,RS-->TL,RS-->TL,RS-->TL,RS-->TL,RS-->TL,RS-->TL,RS-->TL,RS-->TL,RS-->TL,,,,,,,,,,,,,,,,,TL-->RS,TL-->RS,TL-->RS,TL-->RS,TL-->RS,TL-->RS,TL-->RS,TL-->RS,TL-->RS,TL-->RS,TL-->RS,TL-->RS,TL-->RS,TL-->RS,TL-->RS,TL-->RS,TL-->RS,TL-->RS,TL-->RS
SC,SYC,Seychelles,Victoria,Africa,Eastern Africa,,SC-->TL,SC-->TL,SC-->TL,SC-->TL,SC-->TL,SC-->TL,SC-->TL,SC-->TL,SC-->TL,SC-->TL,SC-->TL,SC-->TL,SC-->TL,SC-->TL,SC-->TL,SC-->TL,SC-->TL,SC-->TL,SC-->TL,,,,,,,,,,,,,,,,,TL-->SC,TL-->SC,TL-->SC,TL-->SC,TL-->SC,TL-->SC,TL-->SC,TL-->SC,TL-->SC,TL-->SC,TL-->SC,TL-->SC,TL-->SC,TL-->SC,TL-->SC,TL-->SC,TL-->SC,TL-->SC,TL-->SC
SL,SLE,Sierra Leone,Freetown,Africa,Western Africa,,SL-->TL,SL-->TL,SL-->TL,SL-->TL,SL-->TL,SL-->TL,SL-->TL,SL-->TL,SL-->TL,SL-->TL,SL-->TL,SL-->TL,SL-->TL,SL-->TL,SL-->TL,SL-->TL,SL-->TL,SL-->TL,SL-->TL,,,,,,,,,,,,,,,,,TL-->SL,TL-->SL,TL-->SL,TL-->SL,TL-->SL,TL-->SL,TL-->SL,TL-->SL,TL-->SL,TL-->SL,TL-->SL,TL-->SL,TL-->SL,TL-->SL,TL-->SL,TL-->SL,TL-->SL,TL-->SL,TL-->SL
SG,SGP,Singapore,Singapore,Asia,South-Eastern Asia,,SG-->TL,SG-->TL,SG-->TL,SG-->TL,SG-->TL,SG-->TL,SG-->TL,SG-->TL,SG-->TL,SG-->TL,SG-->TL,SG-->TL,SG-->TL,SG-->TL,SG-->TL,SG-->TL,SG-->TL,SG-->TL,SG-->TL,,,,,,,,,,,,,,,,,TL-->SG,TL-->SG,TL-->SG,TL-->SG,TL-->SG,TL-->SG,TL-->SG,TL-->SG,TL-->SG,TL-->SG,TL-->SG,TL-->SG,TL-->SG,TL-->SG,TL-->SG,TL-->SG,TL-->SG,TL-->SG,TL-->SG
SX,SXM,Sint Maarten,Philipsburg,Americas,Caribbean,,SX-->TL,SX-->TL,SX-->TL,SX-->TL,SX-->TL,SX-->TL,SX-->TL,SX-->TL,SX-->TL,SX-->TL,SX-->TL,SX-->TL,SX-->TL,SX-->TL,SX-->TL,SX-->TL,SX-->TL,SX-->TL,SX-->TL,,,,,,,,,,,,,,,,,TL-->SX,TL-->SX,TL-->SX,TL-->SX,TL-->SX,TL-->SX,TL-->SX,TL-->SX,TL-->SX,TL-->SX,TL-->SX,TL-->SX,TL-->SX,TL-->SX,TL-->SX,TL-->SX,TL-->SX,TL-->SX,TL-->SX
SK,SVK,Slovakia,Bratislava,Europe,Eastern Europe,,SK-->TL,SK-->TL,SK-->TL,SK-->TL,SK-->TL,SK-->TL,SK-->TL,SK-->TL,SK-->TL,SK-->TL,SK-->TL,SK-->TL,SK-->TL,SK-->TL,SK-->TL,SK-->TL,SK-->TL,SK-->TL,SK-->TL,,,,,,,,,,,,,,,,,TL-->SK,TL-->SK,TL-->SK,TL-->SK,TL-->SK,TL-->SK,TL-->SK,TL-->SK,TL-->SK,TL-->SK,TL-->SK,TL-->SK,TL-->SK,TL-->SK,TL-->SK,TL-->SK,TL-->SK,TL-->SK,TL-->SK
SI,SVN,Slovenia,Ljubljana,Europe,Southern Europe,,SI-->TL,SI-->TL,SI-->TL,SI-->TL,SI-->TL,SI-->TL,SI-->TL,SI-->TL,SI-->TL,SI-->TL,SI-->TL,SI-->TL,SI-->TL,SI-->TL,SI-->TL,SI-->TL,SI-->TL,SI-->TL,SI-->TL,,,,,,,,,,,,,,,,,TL-->SI,TL-->SI,TL-->SI,TL-->SI,TL-->SI,TL-->SI,TL-->SI,TL-->SI,TL-->SI,TL-->SI,TL-->SI,TL-->SI,TL-->SI,TL-->SI,TL-->SI,TL-->SI,TL-->SI,TL-->SI,TL-->SI
SB,SLB,Solomon Islands,Honiara,Oceania,Melanesia,,SB-->TL,SB-->TL,SB-->TL,SB-->TL,SB-->TL,SB-->TL,SB-->TL,SB-->TL,SB-->TL,SB-->TL,SB-->TL,SB-->TL,SB-->TL,SB-->TL,SB-->TL,SB-->TL,SB-->TL,SB-->TL,SB-->TL,,,,,,,,,,,,,,,,,TL-->SB,TL-->SB,TL-->SB,TL-->SB,TL-->SB,TL-->SB,TL-->SB,TL-->SB,TL-->SB,TL-->SB,TL-->SB,TL-->SB,TL-->SB,TL-->SB,TL-->SB,TL-->SB,TL-->SB,TL-->SB,TL-->SB
SO,SOM,Somalia,Mogadishu,Africa,Eastern Africa,,SO-->TL,SO-->TL,SO-->TL,SO-->TL,SO-->TL,SO-->TL,SO-->TL,SO-->TL,SO-->TL,SO-->TL,SO-->TL,SO-->TL,SO-->TL,SO-->TL,SO-->TL,SO-->TL,SO-->TL,SO-->TL,SO-->TL,,,,,,,,,,,,,,,,,TL-->SO,TL-->SO,TL-->SO,TL-->SO,TL-->SO,TL-->SO,TL-->SO,TL-->SO,TL-->SO,TL-->SO,TL-->SO,TL-->SO,TL-->SO,TL-->SO,TL-->SO,TL-->SO,TL-->SO,TL-->SO,TL-->SO
ZA,ZAF,South Africa,Pretoria,Africa,Southern Africa,,ZA-->TL,ZA-->TL,ZA-->TL,ZA-->TL,ZA-->TL,ZA-->TL,ZA-->TL,ZA-->TL,ZA-->TL,ZA-->TL,ZA-->TL,ZA-->TL,ZA-->TL,ZA-->TL,ZA-->TL,ZA-->TL,ZA-->TL,ZA-->TL,ZA-->TL,,,,,,,,,,,,,,,,,TL-->ZA,TL-->ZA,TL-->ZA,TL-->ZA,TL-->ZA,TL-->ZA,TL-->ZA,TL-->ZA,TL-->ZA,TL-->ZA,TL-->ZA,TL-->ZA,TL-->ZA,TL-->ZA,TL-->ZA,TL-->ZA,TL-->ZA,TL-->ZA,TL-->ZA
GS,SGS,South Georgia,King Edward Point,Americas,South America,,GS-->TL,GS-->TL,GS-->TL,GS-->TL,GS-->TL,GS-->TL,GS-->TL,GS-->TL,GS-->TL,GS-->TL,GS-->TL,GS-->TL,GS-->TL,GS-->TL,GS-->TL,GS-->TL,GS-->TL,GS-->TL,GS-->TL,,,,,,,,,,,,,,,,,TL-->GS,TL-->GS,TL-->GS,TL-->GS,TL-->GS,TL-->GS,TL-->GS,TL-->GS,TL-->GS,TL-->GS,TL-->GS,TL-->GS,TL-->GS,TL-->GS,TL-->GS,TL-->GS,TL-->GS,TL-->GS,TL-->GS
KR,KOR,South Korea,Seoul,Asia,Eastern Asia,,KR-->TL,KR-->TL,KR-->TL,KR-->TL,KR-->TL,KR-->TL,KR-->TL,KR-->TL,KR-->TL,KR-->TL,KR-->TL,KR-->TL,KR-->TL,KR-->TL,KR-->TL,KR-->TL,KR-->TL,KR-->TL,KR-->TL,,,,,,,,,,,,,,,,,TL-->KR,TL-->KR,TL-->KR,TL-->KR,TL-->KR,TL-->KR,TL-->KR,TL-->KR,TL-->KR,TL-->KR,TL-->KR,TL-->KR,TL-->KR,TL-->KR,TL-->KR,TL-->KR,TL-->KR,TL-->KR,TL-->KR
SS,SSD,South Sudan,Juba,Africa,Middle Africa,,SS-->TL,SS-->TL,SS-->TL,SS-->TL,SS-->TL,SS-->TL,SS-->TL,SS-->TL,SS-->TL,SS-->TL,SS-->TL,SS-->TL,SS-->TL,SS-->TL,SS-->TL,SS-->TL,SS-->TL,SS-->TL,SS-->TL,,,,,,,,,,,,,,,,,TL-->SS,TL-->SS,TL-->SS,TL-->SS,TL-->SS,TL-->SS,TL-->SS,TL-->SS,TL-->SS,TL-->SS,TL-->SS,TL-->SS,TL-->SS,TL-->SS,TL-->SS,TL-->SS,TL-->SS,TL-->SS,TL-->SS
ES,ESP,Spain,Madrid,Europe,Southern Europe,,ES-->TL,ES-->TL,ES-->TL,ES-->TL,ES-->TL,ES-->TL,ES-->TL,ES-->TL,ES-->TL,ES-->TL,ES-->TL,ES-->TL,ES-->TL,ES-->TL,ES-->TL,ES-->TL,ES-->TL,ES-->TL,ES-->TL,,,,,,,,,,,,,,,,,TL-->ES,TL-->ES,TL-->ES,TL-->ES,TL-->ES,TL-->ES,TL-->ES,TL-->ES,TL-->ES,TL-->ES,TL-->ES,TL-->ES,TL-->ES,TL-->ES,TL-->ES,TL-->ES,TL-->ES,TL-->ES,TL-->ES
LK,LKA,Sri Lanka,Colombo,Asia,Southern Asia,,LK-->TL,LK-->TL,LK-->TL,LK-->TL,LK-->TL,LK-->TL,LK-->TL,LK-->TL,LK-->TL,LK-->TL,LK-->TL,LK-->TL,LK-->TL,LK-->TL,LK-->TL,LK-->TL,LK-->TL,LK-->TL,LK-->TL,,,,,,,,,,,,,,,,,TL-->LK,TL-->LK,TL-->LK,TL-->LK,TL-->LK,TL-->LK,TL-->LK,TL-->LK,TL-->LK,TL-->LK,TL-->LK,TL-->LK,TL-->LK,TL-->LK,TL-->LK,TL-->LK,TL-->LK,TL-->LK,TL-->LK
SD,SDN,Sudan,Khartoum,Africa,Northern Africa,,SD-->TL,SD-->TL,SD-->TL,SD-->TL,SD-->TL,SD-->TL,SD-->TL,SD-->TL,SD-->TL,SD-->TL,SD-->TL,SD-->TL,SD-->TL,SD-->TL,SD-->TL,SD-->TL,SD-->TL,SD-->TL,SD-->TL,,,,,,,,,,,,,,,,,TL-->SD,TL-->SD,TL-->SD,TL-->SD,TL-->SD,TL-->SD,TL-->SD,TL-->SD,TL-->SD,TL-->SD,TL-->SD,TL-->SD,TL-->SD,TL-->SD,TL-->SD,TL-->SD,TL-->SD,TL-->SD,TL-->SD
SR,SUR,Suriname,Paramaribo,Americas,South America,,SR-->TL,SR-->TL,SR-->TL,SR-->TL,SR-->TL,SR-->TL,SR-->TL,SR-->TL,SR-->TL,SR-->TL,SR-->TL,SR-->TL,SR-->TL,SR-->TL,SR-->TL,SR-->TL,SR-->TL,SR-->TL,SR-->TL,,,,,,,,,,,,,,,,,TL-->SR,TL-->SR,TL-->SR,TL-->SR,TL-->SR,TL-->SR,TL-->SR,TL-->SR,TL-->SR,TL-->SR,TL-->SR,TL-->SR,TL-->SR,TL-->SR,TL-->SR,TL-->SR,TL-->SR,TL-->SR,TL-->SR
SJ,SJM,Svalbard and Jan Mayen,Longyearbyen,Europe,Northern Europe,,SJ-->TL,SJ-->TL,SJ-->TL,SJ-->TL,SJ-->TL,SJ-->TL,SJ-->TL,SJ-->TL,SJ-->TL,SJ-->TL,SJ-->TL,SJ-->TL,SJ-->TL,SJ-->TL,SJ-->TL,SJ-->TL,SJ-->TL,SJ-->TL,SJ-->TL,,,,,,,,,,,,,,,,,TL-->SJ,TL-->SJ,TL-->SJ,TL-->SJ,TL-->SJ,TL-->SJ,TL-->SJ,TL-->SJ,TL-->SJ,TL-->SJ,TL-->SJ,TL-->SJ,TL-->SJ,TL-->SJ,TL-->SJ,TL-->SJ,TL-->SJ,TL-->SJ,TL-->SJ
SZ,SWZ,Swaziland,Lobamba,Africa,Southern Africa,,SZ-->TL,SZ-->TL,SZ-->TL,SZ-->TL,SZ-->TL,SZ-->TL,SZ-->TL,SZ-->TL,SZ-->TL,SZ-->TL,SZ-->TL,SZ-->TL,SZ-->TL,SZ-->TL,SZ-->TL,SZ-->TL,SZ-->TL,SZ-->TL,SZ-->TL,,,,,,,,,,,,,,,,,TL-->SZ,TL-->SZ,TL-->SZ,TL-->SZ,TL-->SZ,TL-->SZ,TL-->SZ,TL-->SZ,TL-->SZ,TL-->SZ,TL-->SZ,TL-->SZ,TL-->SZ,TL-->SZ,TL-->SZ,TL-->SZ,TL-->SZ,TL-->SZ,TL-->SZ
SE,SWE,Sweden,Stockholm,Europe,Northern Europe,,SE-->TL,SE-->TL,SE-->TL,SE-->TL,SE-->TL,SE-->TL,SE-->TL,SE-->TL,SE-->TL,SE-->TL,SE-->TL,SE-->TL,SE-->TL,SE-->TL,SE-->TL,SE-->TL,SE-->TL,SE-->TL,SE-->TL,,,,,,,,,,,,,,,,,TL-->SE,TL-->SE,TL-->SE,TL-->SE,TL-->SE,TL-->SE,TL-->SE,TL-->SE,TL-->SE,TL-->SE,TL-->SE,TL-->SE,TL-->SE,TL-->SE,TL-->SE,TL-->SE,TL-->SE,TL-->SE,TL-->SE
CH,CHE,Switzerland,Bern,Europe,Western Europe,,CH-->TL,CH-->TL,CH-->TL,CH-->TL,CH-->TL,CH-->TL,CH-->TL,CH-->TL,CH-->TL,CH-->TL,CH-->TL,CH-->TL,CH-->TL,CH-->TL,CH-->TL,CH-->TL,CH-->TL,CH-->TL,CH-->TL,,,,,,,,,,,,,,,,,TL-->CH,TL-->CH,TL-->CH,TL-->CH,TL-->CH,TL-->CH,TL-->CH,TL-->CH,TL-->CH,TL-->CH,TL-->CH,TL-->CH,TL-->CH,TL-->CH,TL-->CH,TL-->CH,TL-->CH,TL-->CH,TL-->CH
SY,SYR,Syria,Damascus,Asia,Western Asia,,SY-->TL,SY-->TL,SY-->TL,SY-->TL,SY-->TL,SY-->TL,SY-->TL,SY-->TL,SY-->TL,SY-->TL,SY-->TL,SY-->TL,SY-->TL,SY-->TL,SY-->TL,SY-->TL,SY-->TL,SY-->TL,SY-->TL,,,,,,,,,,,,,,,,,TL-->SY,TL-->SY,TL-->SY,TL-->SY,TL-->SY,TL-->SY,TL-->SY,TL-->SY,TL-->SY,TL-->SY,TL-->SY,TL-->SY,TL-->SY,TL-->SY,TL-->SY,TL-->SY,TL-->SY,TL-->SY,TL-->SY
TW,TWN,Taiwan,Taipei,Asia,Eastern Asia,,TW-->TL,TW-->TL,TW-->TL,TW-->TL,TW-->TL,TW-->TL,TW-->TL,TW-->TL,TW-->TL,TW-->TL,TW-->TL,TW-->TL,TW-->TL,TW-->TL,TW-->TL,TW-->TL,TW-->TL,TW-->TL,TW-->TL,,,,,,,,,,,,,,,,,TL-->TW,TL-->TW,TL-->TW,TL-->TW,TL-->TW,TL-->TW,TL-->TW,TL-->TW,TL-->TW,TL-->TW,TL-->TW,TL-->TW,TL-->TW,TL-->TW,TL-->TW,TL-->TW,TL-->TW,TL-->TW,TL-->TW
TJ,TJK,Tajikistan,Dushanbe,Asia,Central Asia,,TJ-->TL,TJ-->TL,TJ-->TL,TJ-->TL,TJ-->TL,TJ-->TL,TJ-->TL,TJ-->TL,TJ-->TL,TJ-->TL,TJ-->TL,TJ-->TL,TJ-->TL,TJ-->TL,TJ-->TL,TJ-->TL,TJ-->TL,TJ-->TL,TJ-->TL,,,,,,,,,,,,,,,,,TL-->TJ,TL-->TJ,TL-->TJ,TL-->TJ,TL-->TJ,TL-->TJ,TL-->TJ,TL-->TJ,TL-->TJ,TL-->TJ,TL-->TJ,TL-->TJ,TL-->TJ,TL-->TJ,TL-->TJ,TL-->TJ,TL-->TJ,TL-->TJ,TL-->TJ
TZ,TZA,Tanzania,Dodoma,Africa,Eastern Africa,,TZ-->TL,TZ-->TL,TZ-->TL,TZ-->TL,TZ-->TL,TZ-->TL,TZ-->TL,TZ-->TL,TZ-->TL,TZ-->TL,TZ-->TL,TZ-->TL,TZ-->TL,TZ-->TL,TZ-->TL,TZ-->TL,TZ-->TL,TZ-->TL,TZ-->TL,,,,,,,,,,,,,,,,,TL-->TZ,TL-->TZ,TL-->TZ,TL-->TZ,TL-->TZ,TL-->TZ,TL-->TZ,TL-->TZ,TL-->TZ,TL-->TZ,TL-->TZ,TL-->TZ,TL-->TZ,TL-->TZ,TL-->TZ,TL-->TZ,TL-->TZ,TL-->TZ,TL-->TZ
TH,THA,Thailand,Bangkok,Asia,South-Eastern Asia,,TH-->TL,TH-->TL,TH-->TL,TH-->TL,TH-->TL,TH-->TL,TH-->TL,TH-->TL,TH-->TL,TH-->TL,TH-->TL,TH-->TL,TH-->TL,TH-->TL,TH-->TL,TH-->TL,TH-->TL,TH-->TL,TH-->TL,,,,,,,,,,,,,,,,,TL-->TH,TL-->TH,TL-->TH,TL-->TH,TL-->TH,TL-->TH,TL-->TH,TL-->TH,TL-->TH,TL-->TH,TL-->TH,TL-->TH,TL-->TH,TL-->TH,TL-->TH,TL-->TH,TL-->TH,TL-->TH,TL-->TH
TL,TLS,East Timor,Dili,Asia,South-Eastern Asia,,TL-->TL,TL-->TL,TL-->TL,TL-->TL,TL-->TL,TL-->TL,TL-->TL,TL-->TL,TL-->TL,TL-->TL,TL-->TL,TL-->TL,TL-->TL,TL-->TL,TL-->TL,TL-->TL,TL-->TL,TL-->TL,TL-->TL,,,,,,,,,,,,,,,,,TL-->TL,TL-->TL,TL-->TL,TL-->TL,TL-->TL,TL-->TL,TL-->TL,TL-->TL,TL-->TL,TL-->TL,TL-->TL,TL-->TL,TL-->TL,TL-->TL,TL-->TL,TL-->TL,TL-->TL,TL-->TL,TL-->TL
TG,TGO,Togo,Lomé,Africa,Western Africa,,TG-->TL,TG-->TL,TG-->TL,TG-->TL,TG-->TL,TG-->TL,TG-->TL,TG-->TL,TG-->TL,TG-->TL,TG-->TL,TG-->TL,TG-->TL,TG-->TL,TG-->TL,TG-->TL,TG-->TL,TG-->TL,TG-->TL,,,,,,,,,,,,,,,,,TL-->TG,TL-->TG,TL-->TG,TL-->TG,TL-->TG,TL-->TG,TL-->TG,TL-->TG,TL-->TG,TL-->TG,TL-->TG,TL-->TG,TL-->TG,TL-->TG,TL-->TG,TL-->TG,TL-->TG,TL-->TG,TL-->TG
TK,TKL,Tokelau,Fakaofo,Oceania,Polynesia,,TK-->TL,TK-->TL,TK-->TL,TK-->TL,TK-->TL,TK-->TL,TK-->TL,TK-->TL,TK-->TL,TK-->TL,TK-->TL,TK-->TL,TK-->TL,TK-->TL,TK-->TL,TK-->TL,TK-->TL,TK-->TL,TK-->TL,,,,,,,,,,,,,,,,,TL-->TK,TL-->TK,TL-->TK,TL-->TK,TL-->TK,TL-->TK,TL-->TK,TL-->TK,TL-->TK,TL-->TK,TL-->TK,TL-->TK,TL-->TK,TL-->TK,TL-->TK,TL-->TK,TL-->TK,TL-->TK,TL-->TK
TO,TON,Tonga,Nuku'alofa,Oceania,Polynesia,,TO-->TL,TO-->TL,TO-->TL,TO-->TL,TO-->TL,TO-->TL,TO-->TL,TO-->TL,TO-->TL,TO-->TL,TO-->TL,TO-->TL,TO-->TL,TO-->TL,TO-->TL,TO-->TL,TO-->TL,TO-->TL,TO-->TL,,,,,,,,,,,,,,,,,TL-->TO,TL-->TO,TL-->TO,TL-->TO,TL-->TO,TL-->TO,TL-->TO,TL-->TO,TL-->TO,TL-->TO,TL-->TO,TL-->TO,TL-->TO,TL-->TO,TL-->TO,TL-->TO,TL-->TO,TL-->TO,TL-->TO
TT,TTO,Trinidad and Tobago,Port of Spain,Americas,Caribbean,,TT-->TL,TT-->TL,TT-->TL,TT-->TL,TT-->TL,TT-->TL,TT-->TL,TT-->TL,TT-->TL,TT-->TL,TT-->TL,TT-->TL,TT-->TL,TT-->TL,TT-->TL,TT-->TL,TT-->TL,TT-->TL,TT-->TL,,,,,,,,,,,,,,,,,TL-->TT,TL-->TT,TL-->TT,TL-->TT,TL-->TT,TL-->TT,TL-->TT,TL-->TT,TL-->TT,TL-->TT,TL-->TT,TL-->TT,TL-->TT,TL-->TT,TL-->TT,TL-->TT,TL-->TT,TL-->TT,TL-->TT
TN,TUN,Tunisia,Tunis,Africa,Northern Africa,,TN-->TL,TN-->TL,TN-->TL,TN-->TL,TN-->TL,TN-->TL,TN-->TL,TN-->TL,TN-->TL,TN-->TL,TN-->TL,TN-->TL,TN-->TL,TN-->TL,TN-->TL,TN-->TL,TN-->TL,TN-->TL,TN-->TL,,,,,,,,,,,,,,,,,TL-->TN,TL-->TN,TL-->TN,TL-->TN,TL-->TN,TL-->TN,TL-->TN,TL-->TN,TL-->TN,TL-->TN,TL-->TN,TL-->TN,TL-->TN,TL-->TN,TL-->TN,TL-->TN,TL-->TN,TL-->TN,TL-->TN
TR,TUR,Turkey,Ankara,Asia,Western Asia,,TR-->TL,TR-->TL,TR-->TL,TR-->TL,TR-->TL,TR-->TL,TR-->TL,TR-->TL,TR-->TL,TR-->TL,TR-->TL,TR-->TL,TR-->TL,TR-->TL,TR-->TL,TR-->TL,TR-->TL,TR-->TL,TR-->TL,,,,,,,,,,,,,,,,,TL-->TR,TL-->TR,TL-->TR,TL-->TR,TL-->TR,TL-->TR,TL-->TR,TL-->TR,TL-->TR,TL-->TR,TL-->TR,TL-->TR,TL-->TR,TL-->TR,TL-->TR,TL-->TR,TL-->TR,TL-->TR,TL-->TR
TM,TKM,Turkmenistan,Ashgabat,Asia,Central Asia,,TM-->TL,TM-->TL,TM-->TL,TM-->TL,TM-->TL,TM-->TL,TM-->TL,TM-->TL,TM-->TL,TM-->TL,TM-->TL,TM-->TL,TM-->TL,TM-->TL,TM-->TL,TM-->TL,TM-->TL,TM-->TL,TM-->TL,,,,,,,,,,,,,,,,,TL-->TM,TL-->TM,TL-->TM,TL-->TM,TL-->TM,TL-->TM,TL-->TM,TL-->TM,TL-->TM,TL-->TM,TL-->TM,TL-->TM,TL-->TM,TL-->TM,TL-->TM,TL-->TM,TL-->TM,TL-->TM,TL-->TM
TC,TCA,Turks and Caicos Islands,Cockburn Town,Americas,Caribbean,,TC-->TL,TC-->TL,TC-->TL,TC-->TL,TC-->TL,TC-->TL,TC-->TL,TC-->TL,TC-->TL,TC-->TL,TC-->TL,TC-->TL,TC-->TL,TC-->TL,TC-->TL,TC-->TL,TC-->TL,TC-->TL,TC-->TL,,,,,,,,,,,,,,,,,TL-->TC,TL-->TC,TL-->TC,TL-->TC,TL-->TC,TL-->TC,TL-->TC,TL-->TC,TL-->TC,TL-->TC,TL-->TC,TL-->TC,TL-->TC,TL-->TC,TL-->TC,TL-->TC,TL-->TC,TL-->TC,TL-->TC
TV,TUV,Tuvalu,Funafuti,Oceania,Polynesia,,TV-->TL,TV-->TL,TV-->TL,TV-->TL,TV-->TL,TV-->TL,TV-->TL,TV-->TL,TV-->TL,TV-->TL,TV-->TL,TV-->TL,TV-->TL,TV-->TL,TV-->TL,TV-->TL,TV-->TL,TV-->TL,TV-->TL,,,,,,,,,,,,,,,,,TL-->TV,TL-->TV,TL-->TV,TL-->TV,TL-->TV,TL-->TV,TL-->TV,TL-->TV,TL-->TV,TL-->TV,TL-->TV,TL-->TV,TL-->TV,TL-->TV,TL-->TV,TL-->TV,TL-->TV,TL-->TV,TL-->TV
UG,UGA,Uganda,Kampala,Africa,Eastern Africa,,UG-->TL,UG-->TL,UG-->TL,UG-->TL,UG-->TL,UG-->TL,UG-->TL,UG-->TL,UG-->TL,UG-->TL,UG-->TL,UG-->TL,UG-->TL,UG-->TL,UG-->TL,UG-->TL,UG-->TL,UG-->TL,UG-->TL,,,,,,,,,,,,,,,,,TL-->UG,TL-->UG,TL-->UG,TL-->UG,TL-->UG,TL-->UG,TL-->UG,TL-->UG,TL-->UG,TL-->UG,TL-->UG,TL-->UG,TL-->UG,TL-->UG,TL-->UG,TL-->UG,TL-->UG,TL-->UG,TL-->UG
UA,UKR,Ukraine,Kiev,Europe,Eastern Europe,,UA-->TL,UA-->TL,UA-->TL,UA-->TL,UA-->TL,UA-->TL,UA-->TL,UA-->TL,UA-->TL,UA-->TL,UA-->TL,UA-->TL,UA-->TL,UA-->TL,UA-->TL,UA-->TL,UA-->TL,UA-->TL,UA-->TL,,,,,,,,,,,,,,,,,TL-->UA,TL-->UA,TL-->UA,TL-->UA,TL-->UA,TL-->UA,TL-->UA,TL-->UA,TL-->UA,TL-->UA,TL-->UA,TL-->UA,TL-->UA,TL-->UA,TL-->UA,TL-->UA,TL-->UA,TL-->UA,TL-->UA
AE,ARE,United Arab Emirates,Abu Dhabi,Asia,Western Asia,,AE-->TL,AE-->TL,AE-->TL,AE-->TL,AE-->TL,AE-->TL,AE-->TL,AE-->TL,AE-->TL,AE-->TL,AE-->TL,AE-->TL,AE-->TL,AE-->TL,AE-->TL,AE-->TL,AE-->TL,AE-->TL,AE-->TL,,,,,,,,,,,,,,,,,TL-->AE,TL-->AE,TL-->AE,TL-->AE,TL-->AE,TL-->AE,TL-->AE,TL-->AE,TL-->AE,TL-->AE,TL-->AE,TL-->AE,TL-->AE,TL-->AE,TL-->AE,TL-->AE,TL-->AE,TL-->AE,TL-->AE
GB,GBR,United Kingdom,London,Europe,Northern Europe,,GB-->TL,GB-->TL,GB-->TL,GB-->TL,GB-->TL,GB-->TL,GB-->TL,GB-->TL,GB-->TL,GB-->TL,GB-->TL,GB-->TL,GB-->TL,GB-->TL,GB-->TL,GB-->TL,GB-->TL,GB-->TL,GB-->TL,,,,,,,,,,,,,,,,,TL-->GB,TL-->GB,TL-->GB,TL-->GB,TL-->GB,TL-->GB,TL-->GB,TL-->GB,TL-->GB,TL-->GB,TL-->GB,TL-->GB,TL-->GB,TL-->GB,TL-->GB,TL-->GB,TL-->GB,TL-->GB,TL-->GB
US,USA,United States,"Washington, D.C.",Americas,Northern America,,US-->TL,US-->TL,US-->TL,US-->TL,US-->TL,US-->TL,US-->TL,US-->TL,US-->TL,US-->TL,US-->TL,US-->TL,US-->TL,US-->TL,US-->TL,US-->TL,US-->TL,US-->TL,US-->TL,,,,,,,,,,,,,,,,,TL-->US,TL-->US,TL-->US,TL-->US,TL-->US,TL-->US,TL-->US,TL-->US,TL-->US,TL-->US,TL-->US,TL-->US,TL-->US,TL-->US,TL-->US,TL-->US,TL-->US,TL-->US,TL-->US
UY,URY,Uruguay,Montevideo,Americas,South America,,UY-->TL,UY-->TL,UY-->TL,UY-->TL,UY-->TL,UY-->TL,UY-->TL,UY-->TL,UY-->TL,UY-->TL,UY-->TL,UY-->TL,UY-->TL,UY-->TL,UY-->TL,UY-->TL,UY-->TL,UY-->TL,UY-->TL,,,,,,,,,,,,,,,,,TL-->UY,TL-->UY,TL-->UY,TL-->UY,TL-->UY,TL-->UY,TL-->UY,TL-->UY,TL-->UY,TL-->UY,TL-->UY,TL-->UY,TL-->UY,TL-->UY,TL-->UY,TL-->UY,TL-->UY,TL-->UY,TL-->UY
UZ,UZB,Uzbekistan,Tashkent,Asia,Central Asia,,UZ-->TL,UZ-->TL,UZ-->TL,UZ-->TL,UZ-->TL,UZ-->TL,UZ-->TL,UZ-->TL,UZ-->TL,UZ-->TL,UZ-->TL,UZ-->TL,UZ-->TL,UZ-->TL,UZ-->TL,UZ-->TL,UZ-->TL,UZ-->TL,UZ-->TL,,,,,,,,,,,,,,,,,TL-->UZ,TL-->UZ,TL-->UZ,TL-->UZ,TL-->UZ,TL-->UZ,TL-->UZ,TL-->UZ,TL-->UZ,TL-->UZ,TL-->UZ,TL-->UZ,TL-->UZ,TL-->UZ,TL-->UZ,TL-->UZ,TL-->UZ,TL-->UZ,TL-->UZ
VU,VUT,Vanuatu,Port Vila,Oceania,Melanesia,,VU-->TL,VU-->TL,VU-->TL,VU-->TL,VU-->TL,VU-->TL,VU-->TL,VU-->TL,VU-->TL,VU-->TL,VU-->TL,VU-->TL,VU-->TL,VU-->TL,VU-->TL,VU-->TL,VU-->TL,VU-->TL,VU-->TL,,,,,,,,,,,,,,,,,TL-->VU,TL-->VU,TL-->VU,TL-->VU,TL-->VU,TL-->VU,TL-->VU,TL-->VU,TL-->VU,TL-->VU,TL-->VU,TL-->VU,TL-->VU,TL-->VU,TL-->VU,TL-->VU,TL-->VU,TL-->VU,TL-->VU
VE,VEN,Venezuela,Caracas,Americas,South America,,VE-->TL,VE-->TL,VE-->TL,VE-->TL,VE-->TL,VE-->TL,VE-->TL,VE-->TL,VE-->TL,VE-->TL,VE-->TL,VE-->TL,VE-->TL,VE-->TL,VE-->TL,VE-->TL,VE-->TL,VE-->TL,VE-->TL,,,,,,,,,,,,,,,,,TL-->VE,TL-->VE,TL-->VE,TL-->VE,TL-->VE,TL-->VE,TL-->VE,TL-->VE,TL-->VE,TL-->VE,TL-->VE,TL-->VE,TL-->VE,TL-->VE,TL-->VE,TL-->VE,TL-->VE,TL-->VE,TL-->VE
VN,VNM,Vietnam,Hanoi,Asia,South-Eastern Asia,,VN-->TL,VN-->TL,VN-->TL,VN-->TL,VN-->TL,VN-->TL,VN-->TL,VN-->TL,VN-->TL,VN-->TL,VN-->TL,VN-->TL,VN-->TL,VN-->TL,VN-->TL,VN-->TL,VN-->TL,VN-->TL,VN-->TL,,,,,,,,,,,,,,,,,TL-->VN,TL-->VN,TL-->VN,TL-->VN,TL-->VN,TL-->VN,TL-->VN,TL-->VN,TL-->VN,TL-->VN,TL-->VN,TL-->VN,TL-->VN,TL-->VN,TL-->VN,TL-->VN,TL-->VN,TL-->VN,TL-->VN
WF,WLF,Wallis and Futuna,Mata-Utu,Oceania,Polynesia,,WF-->TL,WF-->TL,WF-->TL,WF-->TL,WF-->TL,WF-->TL,WF-->TL,WF-->TL,WF-->TL,WF-->TL,WF-->TL,WF-->TL,WF-->TL,WF-->TL,WF-->TL,WF-->TL,WF-->TL,WF-->TL,WF-->TL,,,,,,,,,,,,,,,,,TL-->WF,TL-->WF,TL-->WF,TL-->WF,TL-->WF,TL-->WF,TL-->WF,TL-->WF,TL-->WF,TL-->WF,TL-->WF,TL-->WF,TL-->WF,TL-->WF,TL-->WF,TL-->WF,TL-->WF,TL-->WF,TL-->WF
EH,ESH,Western Sahara,El Aaiún,Africa,Northern Africa,,EH-->TL,EH-->TL,EH-->TL,EH-->TL,EH-->TL,EH-->TL,EH-->TL,EH-->TL,EH-->TL,EH-->TL,EH-->TL,EH-->TL,EH-->TL,EH-->TL,EH-->TL,EH-->TL,EH-->TL,EH-->TL,EH-->TL,,,,,,,,,,,,,,,,,TL-->EH,TL-->EH,TL-->EH,TL-->EH,TL-->EH,TL-->EH,TL-->EH,TL-->EH,TL-->EH,TL-->EH,TL-->EH,TL-->EH,TL-->EH,TL-->EH,TL-->EH,TL-->EH,TL-->EH,TL-->EH,TL-->EH
YE,YEM,Yemen,Sana'a,Asia,Western Asia,,YE-->TL,YE-->TL,YE-->TL,YE-->TL,YE-->TL,YE-->TL,YE-->TL,YE-->TL,YE-->TL,YE-->TL,YE-->TL,YE-->TL,YE-->TL,YE-->TL,YE-->TL,YE-->TL,YE-->TL,YE-->TL,YE-->TL,,,,,,,,,,,,,,,,,TL-->YE,TL-->YE,TL-->YE,TL-->YE,TL-->YE,TL-->YE,TL-->YE,TL-->YE,TL-->YE,TL-->YE,TL-->YE,TL-->YE,TL-->YE,TL-->YE,TL-->YE,TL-->YE,TL-->YE,TL-->YE,TL-->YE
ZM,ZMB,Zambia,Lusaka,Africa,Eastern Africa,,ZM-->TL,ZM-->TL,ZM-->TL,ZM-->TL,ZM-->TL,ZM-->TL,ZM-->TL,ZM-->TL,ZM-->TL,ZM-->TL,ZM-->TL,ZM-->TL,ZM-->TL,ZM-->TL,ZM-->TL,ZM-->TL,ZM-->TL,ZM-->TL,ZM-->TL,,,,,,,,,,,,,,,,,TL-->ZM,TL-->ZM,TL-->ZM,TL-->ZM,TL-->ZM,TL-->ZM,TL-->ZM,TL-->ZM,TL-->ZM,TL-->ZM,TL-->ZM,TL-->ZM,TL-->ZM,TL-->ZM,TL-->ZM,TL-->ZM,TL-->ZM,TL-->ZM,TL-->ZM
ZW,ZWE,Zimbabwe,Harare,Africa,Eastern Africa,,ZW-->TL,ZW-->TL,ZW-->TL,ZW-->TL,ZW-->TL,ZW-->TL,ZW-->TL,ZW-->TL,ZW-->TL,ZW-->TL,ZW-->TL,ZW-->TL,ZW-->TL,ZW-->TL,ZW-->TL,ZW-->TL,ZW-->TL,ZW-->TL,ZW-->TL,,,,,,,,,,,,,,,,,TL-->ZW,TL-->ZW,TL-->ZW,TL-->ZW,TL-->ZW,TL-->ZW,TL-->ZW,TL-->ZW,TL-->ZW,TL-->ZW,TL-->ZW,TL-->ZW,TL-->ZW,TL-->ZW,TL-->ZW,TL-->ZW,TL-->ZW,TL-->ZW,TL-->ZW
